periodo,variable,tipo_variable,metrica,valor,p_valor,n_referencia,n_actual
2025-02,capital_prestado,numerica,KS,0.024777842712695675,0.6814985705361541,3319,1094
2025-02,capital_prestado,numerica,PSI,0.010810929761773705,,3319,1094
2025-02,capital_prestado,numerica,Jensen-Shannon,0.06844323550631738,,3319,1094
2025-02,plazo_meses,numerica,KS,0.1528480142859267,3.046947192966932e-17,3319,1094
2025-02,plazo_meses,numerica,PSI,0.07788093561189768,,3319,1094
2025-02,plazo_meses,numerica,Jensen-Shannon,0.11842164107099118,,3319,1094
2025-02,edad_cliente,numerica,KS,0.029712590464408273,0.4512432177818317,3319,1094
2025-02,edad_cliente,numerica,PSI,0.00866579198046849,,3319,1094
2025-02,edad_cliente,numerica,Jensen-Shannon,0.05452198631491682,,3319,1094
2025-02,salario_cliente,numerica,KS,0.048200956985237575,0.04199949740325872,3319,1094
2025-02,salario_cliente,numerica,PSI,0.01809181863959429,,3319,1094
2025-02,salario_cliente,numerica,Jensen-Shannon,0.06611247481905388,,3319,1094
2025-02,total_otros_prestamos,numerica,KS,0.07497660415104879,0.00017946084973255645,3319,1094
2025-02,total_otros_prestamos,numerica,PSI,0.0322613880930083,,3319,1094
2025-02,total_otros_prestamos,numerica,Jensen-Shannon,0.10176810384295383,,3319,1094
2025-02,cuota_pactada,numerica,KS,0.058622093282651,0.006658695096229638,3319,1094
2025-02,cuota_pactada,numerica,PSI,0.018991831535466706,,3319,1094
2025-02,cuota_pactada,numerica,Jensen-Shannon,0.09162800454024418,,3319,1094
2025-02,puntaje_datacredito,numerica,KS,0.039106810930742725,0.15662567151881707,3319,1094
2025-02,puntaje_datacredito,numerica,PSI,0.00852461568487361,,3319,1094
2025-02,puntaje_datacredito,numerica,Jensen-Shannon,0.06190655310314967,,3319,1094
2025-02,cant_creditosvigentes,numerica,KS,0.018432458841758148,0.9364294466780396,3319,1094
2025-02,cant_creditosvigentes,numerica,PSI,0.013327153178192119,,3319,1094
2025-02,cant_creditosvigentes,numerica,Jensen-Shannon,0.056861224816710555,,3319,1094
2025-02,huella_consulta,numerica,KS,0.029788878282648285,0.44796718156569687,3319,1094
2025-02,huella_consulta,numerica,PSI,0.008080421750888404,,3319,1094
2025-02,huella_consulta,numerica,Jensen-Shannon,0.0422088063541643,,3319,1094
2025-02,saldo_mora,numerica,KS,0.004510409285690131,1.0,3319,1094
2025-02,saldo_mora,numerica,PSI,0.0,,3319,1094
2025-02,saldo_mora,numerica,Jensen-Shannon,0.0,,3319,1094
2025-02,saldo_total,numerica,KS,0.0444469750649526,0.077563322893728,3319,1094
2025-02,saldo_total,numerica,PSI,0.015439996558964579,,3319,1094
2025-02,saldo_total,numerica,Jensen-Shannon,0.07261168154051344,,3319,1094
2025-02,saldo_principal,numerica,KS,0.051292088179457296,0.02948978040690988,3319,1094
2025-02,saldo_principal,numerica,PSI,0.014831169073871645,,3319,1094
2025-02,saldo_principal,numerica,Jensen-Shannon,0.07414253863659068,,3319,1094
2025-02,saldo_mora_codeudor,numerica,KS,0.0009842519685039353,1.0,3319,1094
2025-02,saldo_mora_codeudor,numerica,PSI,0.0,,3319,1094
2025-02,saldo_mora_codeudor,numerica,Jensen-Shannon,0.0,,3319,1094
2025-02,creditos_sectorFinanciero,numerica,KS,0.051877644254205324,0.022845943592767173,3319,1094
2025-02,creditos_sectorFinanciero,numerica,PSI,0.021401370375589177,,3319,1094
2025-02,creditos_sectorFinanciero,numerica,Jensen-Shannon,0.062277632032574075,,3319,1094
2025-02,creditos_sectorCooperativo,numerica,KS,0.024052970735772616,0.7162793379899236,3319,1094
2025-02,creditos_sectorCooperativo,numerica,PSI,0.001270778394255822,,3319,1094
2025-02,creditos_sectorCooperativo,numerica,Jensen-Shannon,0.026829802927801114,,3319,1094
2025-02,creditos_sectorReal,numerica,KS,0.030570484160500788,0.4152566848806213,3319,1094
2025-02,creditos_sectorReal,numerica,PSI,0.014760749758184862,,3319,1094
2025-02,creditos_sectorReal,numerica,Jensen-Shannon,0.05229953820430052,,3319,1094
2025-02,promedio_ingresos_datacredito,numerica,KS,0.13220939877002752,7.176726903753685e-10,3319,1094
2025-02,promedio_ingresos_datacredito,numerica,PSI,0.2899741485322283,,3319,1094
2025-02,promedio_ingresos_datacredito,numerica,Jensen-Shannon,0.2508474267095843,,3319,1094
2025-02,ratio_cuota_salario,numerica,KS,0.023659984418455515,0.7352106873145776,3319,1094
2025-02,ratio_cuota_salario,numerica,PSI,0.02132648597455051,,3319,1094
2025-02,ratio_cuota_salario,numerica,Jensen-Shannon,0.07004120316550667,,3319,1094
2025-02,ratio_endeudamiento,numerica,KS,0.08659158961016877,8.110115108109004e-06,3319,1094
2025-02,ratio_endeudamiento,numerica,PSI,0.034442235966192856,,3319,1094
2025-02,ratio_endeudamiento,numerica,Jensen-Shannon,0.09848887245397873,,3319,1094
2025-02,ratio_capital_salario,numerica,KS,0.053415654538055746,0.017524775597198207,3319,1094
2025-02,ratio_capital_salario,numerica,PSI,0.012589579033638028,,3319,1094
2025-02,ratio_capital_salario,numerica,Jensen-Shannon,0.07052240555807891,,3319,1094
2025-02,carga_total,numerica,KS,0.07081072067679778,0.0004923766020239202,3319,1094
2025-02,carga_total,numerica,PSI,0.028243028786580797,,3319,1094
2025-02,carga_total,numerica,Jensen-Shannon,0.0811799297657934,,3319,1094
2025-02,total_creditos_sectores,numerica,KS,0.03647163607901549,0.21722397345114408,3319,1094
2025-02,total_creditos_sectores,numerica,PSI,0.021896718181268274,,3319,1094
2025-02,total_creditos_sectores,numerica,Jensen-Shannon,0.06314534028339867,,3319,1094
2025-02,diferencia_ingresos,numerica,KS,0.08561913335491178,0.0002169816845193526,3319,1094
2025-02,diferencia_ingresos,numerica,PSI,0.034190125688387675,,3319,1094
2025-02,diferencia_ingresos,numerica,Jensen-Shannon,0.08685516834585594,,3319,1094
2025-02,ratio_ingresos_declarados,numerica,KS,0.07534640363818879,0.0017066378272947173,3319,1094
2025-02,ratio_ingresos_declarados,numerica,PSI,0.03730851426959461,,3319,1094
2025-02,ratio_ingresos_declarados,numerica,Jensen-Shannon,0.09144023804569304,,3319,1094
2025-02,sin_historial_ingresos,numerica,KS,0.04978620132382783,0.03247825946895995,3319,1094
2025-02,sin_historial_ingresos,numerica,PSI,0.0,,3319,1094
2025-02,sin_historial_ingresos,numerica,Jensen-Shannon,0.0,,3319,1094
2025-02,dia_semana_prestamo,numerica,KS,0.11899357364638696,1.307005387814843e-10,3319,1094
2025-02,dia_semana_prestamo,numerica,PSI,0.06849828119526379,,3319,1094
2025-02,dia_semana_prestamo,numerica,Jensen-Shannon,0.11090635815778568,,3319,1094
2025-02,tipo_credito,categorica,Chi2,100.28846181373473,8.539528062743818e-21,3319,1094
2025-02,tipo_laboral,categorica,Chi2,6.260534913932469,0.01234569218310971,3319,1094
2025-02,tendencia_ingresos,categorica,Chi2,90.84673460921688,5.122423660752551e-10,3319,1094
2025-02,probabilidad_predicha,prediccion,PSI,0.010533913310488514,,3319,1094
2025-02,probabilidad_predicha,prediccion,Jensen-Shannon,0.07028002339551644,,3319,1094
2025-02,tasa_aprobacion,agregado,diferencia_pct_puntos,-0.1598188481035212,,3319,1094
2025-03,capital_prestado,numerica,KS,0.03247966254896051,0.33319382663796965,3319,1115
2025-03,capital_prestado,numerica,PSI,0.017292906553761287,,3319,1115
2025-03,capital_prestado,numerica,Jensen-Shannon,0.08158416992723441,,3319,1115
2025-03,plazo_meses,numerica,KS,0.1634078555726845,6.262476093803595e-20,3319,1115
2025-03,plazo_meses,numerica,PSI,0.09691515706408871,,3319,1115
2025-03,plazo_meses,numerica,Jensen-Shannon,0.1333818024040119,,3319,1115
2025-03,edad_cliente,numerica,KS,0.018830567854329683,0.9218222279132194,3319,1115
2025-03,edad_cliente,numerica,PSI,0.005340540027847869,,3319,1115
2025-03,edad_cliente,numerica,Jensen-Shannon,0.06641948989152476,,3319,1115
2025-03,salario_cliente,numerica,KS,0.09563823994746917,4.237528096172812e-07,3319,1115
2025-03,salario_cliente,numerica,PSI,0.051829007872261884,,3319,1115
2025-03,salario_cliente,numerica,Jensen-Shannon,0.11485400378249323,,3319,1115
2025-03,total_otros_prestamos,numerica,KS,0.11857021065019047,1.1063469572502626e-10,3319,1115
2025-03,total_otros_prestamos,numerica,PSI,0.07656586868254166,,3319,1115
2025-03,total_otros_prestamos,numerica,Jensen-Shannon,0.12585364007391184,,3319,1115
2025-03,cuota_pactada,numerica,KS,0.08826528061696681,4.124292100075669e-06,3319,1115
2025-03,cuota_pactada,numerica,PSI,0.050693753860609606,,3319,1115
2025-03,cuota_pactada,numerica,Jensen-Shannon,0.12182988993698049,,3319,1115
2025-03,puntaje_datacredito,numerica,KS,0.027267452528160097,0.5531891712984571,3319,1115
2025-03,puntaje_datacredito,numerica,PSI,0.018024004061740848,,3319,1115
2025-03,puntaje_datacredito,numerica,Jensen-Shannon,0.06756841463509836,,3319,1115
2025-03,cant_creditosvigentes,numerica,KS,0.02193323668455971,0.8063611198611075,3319,1115
2025-03,cant_creditosvigentes,numerica,PSI,0.005122053827139728,,3319,1115
2025-03,cant_creditosvigentes,numerica,Jensen-Shannon,0.04564101202717948,,3319,1115
2025-03,huella_consulta,numerica,KS,0.06479313964847044,0.0017101633523353417,3319,1115
2025-03,huella_consulta,numerica,PSI,0.046544279303284385,,3319,1115
2025-03,huella_consulta,numerica,Jensen-Shannon,0.1000454672925039,,3319,1115
2025-03,saldo_mora,numerica,KS,0.009417773237997862,0.9999990220573025,3319,1115
2025-03,saldo_mora,numerica,PSI,0.0,,3319,1115
2025-03,saldo_mora,numerica,Jensen-Shannon,0.0,,3319,1115
2025-03,saldo_total,numerica,KS,0.04965850426524587,0.032867856659477966,3319,1115
2025-03,saldo_total,numerica,PSI,0.01387721220338515,,3319,1115
2025-03,saldo_total,numerica,Jensen-Shannon,0.07376331883897105,,3319,1115
2025-03,saldo_principal,numerica,KS,0.055359734124486026,0.013733935659611157,3319,1115
2025-03,saldo_principal,numerica,PSI,0.02696659067853803,,3319,1115
2025-03,saldo_principal,numerica,Jensen-Shannon,0.07993167039382985,,3319,1115
2025-03,saldo_mora_codeudor,numerica,KS,0.0009842519685039353,1.0,3319,1115
2025-03,saldo_mora_codeudor,numerica,PSI,0.0,,3319,1115
2025-03,saldo_mora_codeudor,numerica,Jensen-Shannon,0.0,,3319,1115
2025-03,creditos_sectorFinanciero,numerica,KS,0.0512275430089294,0.02398567597545157,3319,1115
2025-03,creditos_sectorFinanciero,numerica,PSI,0.016075056106018074,,3319,1115
2025-03,creditos_sectorFinanciero,numerica,Jensen-Shannon,0.05648789971650384,,3319,1115
2025-03,creditos_sectorCooperativo,numerica,KS,0.016987936017250904,0.9653722338381229,3319,1115
2025-03,creditos_sectorCooperativo,numerica,PSI,0.0005379477141381615,,3319,1115
2025-03,creditos_sectorCooperativo,numerica,Jensen-Shannon,0.02545712414175855,,3319,1115
2025-03,creditos_sectorReal,numerica,KS,0.028474998547566188,0.49672031383429943,3319,1115
2025-03,creditos_sectorReal,numerica,PSI,0.007501490853844731,,3319,1115
2025-03,creditos_sectorReal,numerica,Jensen-Shannon,0.040907922450962954,,3319,1115
2025-03,promedio_ingresos_datacredito,numerica,KS,0.13606172920493315,2.479856504613708e-10,3319,1115
2025-03,promedio_ingresos_datacredito,numerica,PSI,0.5466604757600575,,3319,1115
2025-03,promedio_ingresos_datacredito,numerica,Jensen-Shannon,0.30546394017375733,,3319,1115
2025-03,ratio_cuota_salario,numerica,KS,0.024595907689432872,0.6833406539893588,3319,1115
2025-03,ratio_cuota_salario,numerica,PSI,0.015806221447256585,,3319,1115
2025-03,ratio_cuota_salario,numerica,Jensen-Shannon,0.06716479707767797,,3319,1115
2025-03,ratio_endeudamiento,numerica,KS,0.06256097507979719,0.002803234336870218,3319,1115
2025-03,ratio_endeudamiento,numerica,PSI,0.028147541042330887,,3319,1115
2025-03,ratio_endeudamiento,numerica,Jensen-Shannon,0.09196838706518862,,3319,1115
2025-03,ratio_capital_salario,numerica,KS,0.06738601869938665,0.000981870283948593,3319,1115
2025-03,ratio_capital_salario,numerica,PSI,0.038505379697265564,,3319,1115
2025-03,ratio_capital_salario,numerica,Jensen-Shannon,0.09471967940212168,,3319,1115
2025-03,carga_total,numerica,KS,0.050219021400216,0.028794883413987976,3319,1115
2025-03,carga_total,numerica,PSI,0.016599954974229374,,3319,1115
2025-03,carga_total,numerica,Jensen-Shannon,0.0742412933684987,,3319,1115
2025-03,total_creditos_sectores,numerica,KS,0.0317770899171369,0.359052524344484,3319,1115
2025-03,total_creditos_sectores,numerica,PSI,0.009333301626461607,,3319,1115
2025-03,total_creditos_sectores,numerica,Jensen-Shannon,0.04475552776430985,,3319,1115
2025-03,diferencia_ingresos,numerica,KS,0.13159275780635016,1.083921905213994e-09,3319,1115
2025-03,diferencia_ingresos,numerica,PSI,0.08732007950037554,,3319,1115
2025-03,diferencia_ingresos,numerica,Jensen-Shannon,0.1348576509299649,,3319,1115
2025-03,ratio_ingresos_declarados,numerica,KS,0.12975122642090353,1.974876860500741e-09,3319,1115
2025-03,ratio_ingresos_declarados,numerica,PSI,0.08427897607856631,,3319,1115
2025-03,ratio_ingresos_declarados,numerica,Jensen-Shannon,0.1416609151913637,,3319,1115
2025-03,sin_historial_ingresos,numerica,KS,0.025545540893105012,0.635554391183764,3319,1115
2025-03,sin_historial_ingresos,numerica,PSI,0.0,,3319,1115
2025-03,sin_historial_ingresos,numerica,Jensen-Shannon,0.0,,3319,1115
2025-03,dia_semana_prestamo,numerica,KS,0.057015660614183616,0.008381480496675435,3319,1115
2025-03,dia_semana_prestamo,numerica,PSI,0.05604743845911302,,3319,1115
2025-03,dia_semana_prestamo,numerica,Jensen-Shannon,0.10034793963512707,,3319,1115
2025-03,tipo_credito,categorica,Chi2,77.81315098379827,5.059800752861386e-16,3319,1115
2025-03,tipo_laboral,categorica,Chi2,31.578631615918198,1.9152553815383266e-08,3319,1115
2025-03,tendencia_ingresos,categorica,Chi2,137.66908913855949,2.497883959090482e-18,3319,1115
2025-03,probabilidad_predicha,prediccion,PSI,0.006662336918191433,,3319,1115
2025-03,probabilidad_predicha,prediccion,Jensen-Shannon,0.06322282329389665,,3319,1115
2025-03,tasa_aprobacion,agregado,diferencia_pct_puntos,0.39379196013710205,,3319,1115
2025-04,capital_prestado,numerica,KS,0.05726721089432285,0.008378061826665607,3319,1102
2025-04,capital_prestado,numerica,PSI,0.023650538090345837,,3319,1102
2025-04,capital_prestado,numerica,Jensen-Shannon,0.10363737079395793,,3319,1102
2025-04,plazo_meses,numerica,KS,0.23357542696753936,4.24328637696352e-40,3319,1102
2025-04,plazo_meses,numerica,PSI,0.27012106070526287,,3319,1102
2025-04,plazo_meses,numerica,Jensen-Shannon,0.2195850332838255,,3319,1102
2025-04,edad_cliente,numerica,KS,0.03965235631181413,0.14348968043676252,3319,1102
2025-04,edad_cliente,numerica,PSI,0.01625667218611842,,3319,1102
2025-04,edad_cliente,numerica,Jensen-Shannon,0.07867017892561436,,3319,1102
2025-04,salario_cliente,numerica,KS,0.10985969250353655,3.734937151253116e-09,3319,1102
2025-04,salario_cliente,numerica,PSI,0.10041836858417721,,3319,1102
2025-04,salario_cliente,numerica,Jensen-Shannon,0.14133142938533233,,3319,1102
2025-04,total_otros_prestamos,numerica,KS,0.12832484583892223,2.453589254501272e-12,3319,1102
2025-04,total_otros_prestamos,numerica,PSI,0.09669989540771955,,3319,1102
2025-04,total_otros_prestamos,numerica,Jensen-Shannon,0.15494791553896842,,3319,1102
2025-04,cuota_pactada,numerica,KS,0.06655296541006556,0.0012380240504702754,3319,1102
2025-04,cuota_pactada,numerica,PSI,0.028385217131952994,,3319,1102
2025-04,cuota_pactada,numerica,Jensen-Shannon,0.08840052988628802,,3319,1102
2025-04,puntaje_datacredito,numerica,KS,0.02172114751930232,0.8199686425170544,3319,1102
2025-04,puntaje_datacredito,numerica,PSI,0.010204134535056654,,3319,1102
2025-04,puntaje_datacredito,numerica,Jensen-Shannon,0.06273828247412726,,3319,1102
2025-04,cant_creditosvigentes,numerica,KS,0.031849019750444185,0.3615464792383603,3319,1102
2025-04,cant_creditosvigentes,numerica,PSI,0.010744542326363645,,3319,1102
2025-04,cant_creditosvigentes,numerica,Jensen-Shannon,0.045987331110737634,,3319,1102
2025-04,huella_consulta,numerica,KS,0.07960464115478777,5.188000731651372e-05,3319,1102
2025-04,huella_consulta,numerica,PSI,0.038994247668077964,,3319,1102
2025-04,huella_consulta,numerica,Jensen-Shannon,0.0893787356724953,,3319,1102
2025-04,saldo_mora,numerica,KS,0.007559484467944411,0.9999999998081998,3319,1102
2025-04,saldo_mora,numerica,PSI,0.0,,3319,1102
2025-04,saldo_mora,numerica,Jensen-Shannon,0.0,,3319,1102
2025-04,saldo_total,numerica,KS,0.07814370054125519,8.550457196867204e-05,3319,1102
2025-04,saldo_total,numerica,PSI,0.0270195828193752,,3319,1102
2025-04,saldo_total,numerica,Jensen-Shannon,0.08077662779315775,,3319,1102
2025-04,saldo_principal,numerica,KS,0.08260546597375151,3.3485242649381316e-05,3319,1102
2025-04,saldo_principal,numerica,PSI,0.03626986680340319,,3319,1102
2025-04,saldo_principal,numerica,Jensen-Shannon,0.10109317214791219,,3319,1102
2025-04,saldo_mora_codeudor,numerica,KS,0.0009842519685039353,1.0,3319,1102
2025-04,saldo_mora_codeudor,numerica,PSI,0.0,,3319,1102
2025-04,saldo_mora_codeudor,numerica,Jensen-Shannon,0.0,,3319,1102
2025-04,creditos_sectorFinanciero,numerica,KS,0.038966102334411834,0.1569644149606929,3319,1102
2025-04,creditos_sectorFinanciero,numerica,PSI,0.010061474392257044,,3319,1102
2025-04,creditos_sectorFinanciero,numerica,Jensen-Shannon,0.04262548413663366,,3319,1102
2025-04,creditos_sectorCooperativo,numerica,KS,0.012730694800710318,0.9990480519245124,3319,1102
2025-04,creditos_sectorCooperativo,numerica,PSI,0.0011427377593796577,,3319,1102
2025-04,creditos_sectorCooperativo,numerica,Jensen-Shannon,0.015434508781846667,,3319,1102
2025-04,creditos_sectorReal,numerica,KS,0.0274102415340593,0.5515278462705052,3319,1102
2025-04,creditos_sectorReal,numerica,PSI,0.0011671957876311912,,3319,1102
2025-04,creditos_sectorReal,numerica,Jensen-Shannon,0.0382707852213104,,3319,1102
2025-04,promedio_ingresos_datacredito,numerica,KS,0.1533128277531263,8.81335562365675e-13,3319,1102
2025-04,promedio_ingresos_datacredito,numerica,PSI,0.6470321640955584,,3319,1102
2025-04,promedio_ingresos_datacredito,numerica,Jensen-Shannon,0.3397495438798428,,3319,1102
2025-04,ratio_cuota_salario,numerica,KS,0.0443525157575721,0.07451964542395202,3319,1102
2025-04,ratio_cuota_salario,numerica,PSI,0.011563121983851923,,3319,1102
2025-04,ratio_cuota_salario,numerica,Jensen-Shannon,0.0714286998762057,,3319,1102
2025-04,ratio_endeudamiento,numerica,KS,0.1022171598713193,5.60844492616627e-08,3319,1102
2025-04,ratio_endeudamiento,numerica,PSI,0.07969796613774997,,3319,1102
2025-04,ratio_endeudamiento,numerica,Jensen-Shannon,0.14308291226933706,,3319,1102
2025-04,ratio_capital_salario,numerica,KS,0.10371275202660002,3.359300803752311e-08,3319,1102
2025-04,ratio_capital_salario,numerica,PSI,0.07014987078378679,,3319,1102
2025-04,ratio_capital_salario,numerica,Jensen-Shannon,0.12915240189235733,,3319,1102
2025-04,carga_total,numerica,KS,0.07211209842788785,0.000345271444780425,3319,1102
2025-04,carga_total,numerica,PSI,0.03883740303705077,,3319,1102
2025-04,carga_total,numerica,Jensen-Shannon,0.09230659300919006,,3319,1102
2025-04,total_creditos_sectores,numerica,KS,0.04880605478329958,0.03728950891153681,3319,1102
2025-04,total_creditos_sectores,numerica,PSI,0.013289950310391232,,3319,1102
2025-04,total_creditos_sectores,numerica,Jensen-Shannon,0.048987418653045886,,3319,1102
2025-04,diferencia_ingresos,numerica,KS,0.15232116444803012,1.2723590719662377e-12,3319,1102
2025-04,diferencia_ingresos,numerica,PSI,0.12133258955537296,,3319,1102
2025-04,diferencia_ingresos,numerica,Jensen-Shannon,0.17234903803397567,,3319,1102
2025-04,ratio_ingresos_declarados,numerica,KS,0.1408286264239058,7.610987254554495e-11,3319,1102
2025-04,ratio_ingresos_declarados,numerica,PSI,0.09980838361143216,,3319,1102
2025-04,ratio_ingresos_declarados,numerica,Jensen-Shannon,0.17050183863242194,,3319,1102
2025-04,sin_historial_ingresos,numerica,KS,0.01611466511079307,0.9797593445262612,3319,1102
2025-04,sin_historial_ingresos,numerica,PSI,0.0,,3319,1102
2025-04,sin_historial_ingresos,numerica,Jensen-Shannon,0.0,,3319,1102
2025-04,dia_semana_prestamo,numerica,KS,0.024533442988152188,0.6899686884863705,3319,1102
2025-04,dia_semana_prestamo,numerica,PSI,0.009161341845753844,,3319,1102
2025-04,dia_semana_prestamo,numerica,Jensen-Shannon,0.040632996923500586,,3319,1102
2025-04,tipo_credito,categorica,Chi2,178.61290394061896,1.4805377682916891e-37,3319,1102
2025-04,tipo_laboral,categorica,Chi2,32.16497521160199,1.416208883054006e-08,3319,1102
2025-04,tendencia_ingresos,categorica,Chi2,124.70602493155249,3.249131345011999e-15,3319,1102
2025-04,probabilidad_predicha,prediccion,PSI,0.011527263916702817,,3319,1102
2025-04,probabilidad_predicha,prediccion,Jensen-Shannon,0.06383523863391809,,3319,1102
2025-04,tasa_aprobacion,agregado,diferencia_pct_puntos,-0.4260789634994877,,3319,1102
2025-05,capital_prestado,numerica,KS,0.08826430103739707,5.471095861437533e-06,3319,1083
2025-05,capital_prestado,numerica,PSI,0.03755361732886018,,3319,1083
2025-05,capital_prestado,numerica,Jensen-Shannon,0.11107725264371235,,3319,1083
2025-05,plazo_meses,numerica,KS,0.3311057491813134,6.714509687352591e-80,3319,1083
2025-05,plazo_meses,numerica,PSI,0.6167555249776822,,3319,1083
2025-05,plazo_meses,numerica,Jensen-Shannon,0.32542131171159633,,3319,1083
2025-05,edad_cliente,numerica,KS,0.03194706768189082,0.36578250936382445,3319,1083
2025-05,edad_cliente,numerica,PSI,0.011533888844184565,,3319,1083
2025-05,edad_cliente,numerica,Jensen-Shannon,0.06360667591774709,,3319,1083
2025-05,salario_cliente,numerica,KS,0.11748635476037267,2.8056408622630923e-10,3319,1083
2025-05,salario_cliente,numerica,PSI,0.09335296086953045,,3319,1083
2025-05,salario_cliente,numerica,Jensen-Shannon,0.13679601769302813,,3319,1083
2025-05,total_otros_prestamos,numerica,KS,0.13651165385117214,9.86582473887815e-14,3319,1083
2025-05,total_otros_prestamos,numerica,PSI,0.15513363782876957,,3319,1083
2025-05,total_otros_prestamos,numerica,Jensen-Shannon,0.17595743188675725,,3319,1083
2025-05,cuota_pactada,numerica,KS,0.08965254194142841,3.647992555039892e-06,3319,1083
2025-05,cuota_pactada,numerica,PSI,0.05502031435430999,,3319,1083
2025-05,cuota_pactada,numerica,Jensen-Shannon,0.10746304448787916,,3319,1083
2025-05,puntaje_datacredito,numerica,KS,0.020144970744459485,0.8864473800974935,3319,1083
2025-05,puntaje_datacredito,numerica,PSI,0.007112411230366762,,3319,1083
2025-05,puntaje_datacredito,numerica,Jensen-Shannon,0.07363665393434528,,3319,1083
2025-05,cant_creditosvigentes,numerica,KS,0.03266094065979552,0.3394722429475103,3319,1083
2025-05,cant_creditosvigentes,numerica,PSI,0.026012541792423134,,3319,1083
2025-05,cant_creditosvigentes,numerica,Jensen-Shannon,0.07169579122155403,,3319,1083
2025-05,huella_consulta,numerica,KS,0.03927302914999875,0.15596581266423618,3319,1083
2025-05,huella_consulta,numerica,PSI,0.017903425999018296,,3319,1083
2025-05,huella_consulta,numerica,Jensen-Shannon,0.06079767209720765,,3319,1083
2025-05,saldo_mora,numerica,KS,0.011235955056179692,0.9999373305037863,3319,1083
2025-05,saldo_mora,numerica,PSI,0.0,,3319,1083
2025-05,saldo_mora,numerica,Jensen-Shannon,0.0,,3319,1083
2025-05,saldo_total,numerica,KS,0.06514854406247284,0.0021539851954761186,3319,1083
2025-05,saldo_total,numerica,PSI,0.02329829512732441,,3319,1083
2025-05,saldo_total,numerica,Jensen-Shannon,0.08622724246440615,,3319,1083
2025-05,saldo_principal,numerica,KS,0.07183508739325739,0.0006086876177075277,3319,1083
2025-05,saldo_principal,numerica,PSI,0.04006498417866551,,3319,1083
2025-05,saldo_principal,numerica,Jensen-Shannon,0.09594987353214574,,3319,1083
2025-05,saldo_mora_codeudor,numerica,KS,0.0009842519685039353,1.0,3319,1083
2025-05,saldo_mora_codeudor,numerica,PSI,0.0,,3319,1083
2025-05,saldo_mora_codeudor,numerica,Jensen-Shannon,0.0,,3319,1083
2025-05,creditos_sectorFinanciero,numerica,KS,0.04281874664937346,0.09669875848297843,3319,1083
2025-05,creditos_sectorFinanciero,numerica,PSI,0.017696500974117985,,3319,1083
2025-05,creditos_sectorFinanciero,numerica,Jensen-Shannon,0.06058039250152451,,3319,1083
2025-05,creditos_sectorCooperativo,numerica,KS,0.007802804135344288,0.9999999992225006,3319,1083
2025-05,creditos_sectorCooperativo,numerica,PSI,0.0013292873173088341,,3319,1083
2025-05,creditos_sectorCooperativo,numerica,Jensen-Shannon,0.017322314893319396,,3319,1083
2025-05,creditos_sectorReal,numerica,KS,0.033555368416601394,0.30834200665920425,3319,1083
2025-05,creditos_sectorReal,numerica,PSI,0.001792638135781047,,3319,1083
2025-05,creditos_sectorReal,numerica,Jensen-Shannon,0.021400771075412238,,3319,1083
2025-05,promedio_ingresos_datacredito,numerica,KS,0.17685778615337067,1.2713792411735313e-16,3319,1083
2025-05,promedio_ingresos_datacredito,numerica,PSI,0.6857987959502693,,3319,1083
2025-05,promedio_ingresos_datacredito,numerica,Jensen-Shannon,0.3603712524570382,,3319,1083
2025-05,ratio_cuota_salario,numerica,KS,0.055174098593540666,0.013278088985386006,3319,1083
2025-05,ratio_cuota_salario,numerica,PSI,0.01574753559598052,,3319,1083
2025-05,ratio_cuota_salario,numerica,Jensen-Shannon,0.06731991502399838,,3319,1083
2025-05,ratio_endeudamiento,numerica,KS,0.10616532429326342,1.8205311621703568e-08,3319,1083
2025-05,ratio_endeudamiento,numerica,PSI,0.1073507716383196,,3319,1083
2025-05,ratio_endeudamiento,numerica,Jensen-Shannon,0.16749358424371097,,3319,1083
2025-05,ratio_capital_salario,numerica,KS,0.14849240604571406,3.6348741953180926e-16,3319,1083
2025-05,ratio_capital_salario,numerica,PSI,0.14463012603488629,,3319,1083
2025-05,ratio_capital_salario,numerica,Jensen-Shannon,0.1680375581917463,,3319,1083
2025-05,carga_total,numerica,KS,0.07602738904677964,0.00014924642043271088,3319,1083
2025-05,carga_total,numerica,PSI,0.0589962353943804,,3319,1083
2025-05,carga_total,numerica,Jensen-Shannon,0.11551939991015586,,3319,1083
2025-05,total_creditos_sectores,numerica,KS,0.045876771502502245,0.0619298777746301,3319,1083
2025-05,total_creditos_sectores,numerica,PSI,0.014277867696208216,,3319,1083
2025-05,total_creditos_sectores,numerica,Jensen-Shannon,0.0571301489846135,,3319,1083
2025-05,diferencia_ingresos,numerica,KS,0.17379224046155428,4.5923315697156e-16,3319,1083
2025-05,diferencia_ingresos,numerica,PSI,0.16801628236065339,,3319,1083
2025-05,diferencia_ingresos,numerica,Jensen-Shannon,0.18368898593095737,,3319,1083
2025-05,ratio_ingresos_declarados,numerica,KS,0.15294841383904945,1.5742296632205455e-12,3319,1083
2025-05,ratio_ingresos_declarados,numerica,PSI,0.1457698610131678,,3319,1083
2025-05,ratio_ingresos_declarados,numerica,Jensen-Shannon,0.17712265680637673,,3319,1083
2025-05,sin_historial_ingresos,numerica,KS,0.013217221865656659,0.9984431219202703,3319,1083
2025-05,sin_historial_ingresos,numerica,PSI,0.0,,3319,1083
2025-05,sin_historial_ingresos,numerica,Jensen-Shannon,0.0,,3319,1083
2025-05,dia_semana_prestamo,numerica,KS,0.1611271959731555,5.605167554962467e-19,3319,1083
2025-05,dia_semana_prestamo,numerica,PSI,0.12980832750187185,,3319,1083
2025-05,dia_semana_prestamo,numerica,Jensen-Shannon,0.15215126180632632,,3319,1083
2025-05,tipo_credito,categorica,Chi2,343.1620768080969,5.189920392649483e-72,3319,1083
2025-05,tipo_laboral,categorica,Chi2,62.58586507635626,2.550776166836974e-15,3319,1083
2025-05,tendencia_ingresos,categorica,Chi2,98.90344200520923,4.508069464339929e-12,3319,1083
2025-05,probabilidad_predicha,prediccion,PSI,0.036125198013930215,,3319,1083
2025-05,probabilidad_predicha,prediccion,Jensen-Shannon,0.09157731714650176,,3319,1083
2025-05,tasa_aprobacion,agregado,diferencia_pct_puntos,0.5705141526847979,,3319,1083
2025-06,capital_prestado,numerica,KS,0.06899034268406784,0.009689701872015562,3319,665
2025-06,capital_prestado,numerica,PSI,0.06339104871987467,,3319,665
2025-06,capital_prestado,numerica,Jensen-Shannon,0.11898298094003777,,3319,665
2025-06,plazo_meses,numerica,KS,0.38384285510401506,1.3778994308023103e-73,3319,665
2025-06,plazo_meses,numerica,PSI,0.8439925648033695,,3319,665
2025-06,plazo_meses,numerica,Jensen-Shannon,0.37630195837284264,,3319,665
2025-06,edad_cliente,numerica,KS,0.024049276550822563,0.8965815040102848,3319,665
2025-06,edad_cliente,numerica,PSI,0.020197798449465006,,3319,665
2025-06,edad_cliente,numerica,Jensen-Shannon,0.10105885388347122,,3319,665
2025-06,salario_cliente,numerica,KS,0.13163218380389058,7.844970149817094e-09,3319,665
2025-06,salario_cliente,numerica,PSI,0.11025963173208869,,3319,665
2025-06,salario_cliente,numerica,Jensen-Shannon,0.15620480795437355,,3319,665
2025-06,total_otros_prestamos,numerica,KS,0.16274944668087815,2.762198707853633e-13,3319,665
2025-06,total_otros_prestamos,numerica,PSI,0.17029399450193564,,3319,665
2025-06,total_otros_prestamos,numerica,Jensen-Shannon,0.1916103354158722,,3319,665
2025-06,cuota_pactada,numerica,KS,0.1450387040212764,1.2376878000893944e-10,3319,665
2025-06,cuota_pactada,numerica,PSI,0.11834923714930423,,3319,665
2025-06,cuota_pactada,numerica,Jensen-Shannon,0.15441263257676535,,3319,665
2025-06,puntaje_datacredito,numerica,KS,0.02434349364517716,0.8884006507195015,3319,665
2025-06,puntaje_datacredito,numerica,PSI,0.00534368475076444,,3319,665
2025-06,puntaje_datacredito,numerica,Jensen-Shannon,0.05517764319915601,,3319,665
2025-06,cant_creditosvigentes,numerica,KS,0.050073964664599124,0.11951349614480863,3319,665
2025-06,cant_creditosvigentes,numerica,PSI,0.02522556901231083,,3319,665
2025-06,cant_creditosvigentes,numerica,Jensen-Shannon,0.06963293175245694,,3319,665
2025-06,huella_consulta,numerica,KS,0.062243587274906156,0.02601195863281902,3319,665
2025-06,huella_consulta,numerica,PSI,0.042496728553385765,,3319,665
2025-06,huella_consulta,numerica,Jensen-Shannon,0.08722451552033582,,3319,665
2025-06,saldo_mora,numerica,KS,0.009685567459280509,0.9999999986182289,3319,665
2025-06,saldo_mora,numerica,PSI,0.0,,3319,665
2025-06,saldo_mora,numerica,Jensen-Shannon,0.0,,3319,665
2025-06,saldo_total,numerica,KS,0.08758206861159568,0.00047276148234879695,3319,665
2025-06,saldo_total,numerica,PSI,0.036685562338915734,,3319,665
2025-06,saldo_total,numerica,Jensen-Shannon,0.10961463844623952,,3319,665
2025-06,saldo_principal,numerica,KS,0.09168400753164418,0.00026891686020309355,3319,665
2025-06,saldo_principal,numerica,PSI,0.04902139659887084,,3319,665
2025-06,saldo_principal,numerica,Jensen-Shannon,0.1111146029845568,,3319,665
2025-06,saldo_mora_codeudor,numerica,KS,0.0009842519685039353,1.0,3319,665
2025-06,saldo_mora_codeudor,numerica,PSI,0.0,,3319,665
2025-06,saldo_mora_codeudor,numerica,Jensen-Shannon,0.0,,3319,665
2025-06,creditos_sectorFinanciero,numerica,KS,0.05784240655872874,0.046904778334441906,3319,665
2025-06,creditos_sectorFinanciero,numerica,PSI,0.02707313242510135,,3319,665
2025-06,creditos_sectorFinanciero,numerica,Jensen-Shannon,0.0766645008145836,,3319,665
2025-06,creditos_sectorCooperativo,numerica,KS,0.024371866695965583,0.8875547250648169,3319,665
2025-06,creditos_sectorCooperativo,numerica,PSI,0.006958087559453551,,3319,665
2025-06,creditos_sectorCooperativo,numerica,Jensen-Shannon,0.03998015397260221,,3319,665
2025-06,creditos_sectorReal,numerica,KS,0.028281459901637218,0.7544013094892135,3319,665
2025-06,creditos_sectorReal,numerica,PSI,0.006822484254433866,,3319,665
2025-06,creditos_sectorReal,numerica,Jensen-Shannon,0.03700112855539298,,3319,665
2025-06,promedio_ingresos_datacredito,numerica,KS,0.20632620273022514,1.1972328164344172e-15,3319,665
2025-06,promedio_ingresos_datacredito,numerica,PSI,0.6432999271221372,,3319,665
2025-06,promedio_ingresos_datacredito,numerica,Jensen-Shannon,0.35942472505192696,,3319,665
2025-06,ratio_cuota_salario,numerica,KS,0.048095887021356365,0.14906661409387476,3319,665
2025-06,ratio_cuota_salario,numerica,PSI,0.017591102226024415,,3319,665
2025-06,ratio_cuota_salario,numerica,Jensen-Shannon,0.0908436441318086,,3319,665
2025-06,ratio_endeudamiento,numerica,KS,0.12062566181366968,1.7934001002942516e-07,3319,665
2025-06,ratio_endeudamiento,numerica,PSI,0.09359803519122317,,3319,665
2025-06,ratio_endeudamiento,numerica,Jensen-Shannon,0.15906623530517422,,3319,665
2025-06,ratio_capital_salario,numerica,KS,0.16030537128884004,7.004102942110757e-13,3319,665
2025-06,ratio_capital_salario,numerica,PSI,0.12502027343036579,,3319,665
2025-06,ratio_capital_salario,numerica,Jensen-Shannon,0.1587531613721761,,3319,665
2025-06,carga_total,numerica,KS,0.10297320359662754,1.4597200405423733e-05,3319,665
2025-06,carga_total,numerica,PSI,0.09543609232598022,,3319,665
2025-06,carga_total,numerica,Jensen-Shannon,0.1443683700153668,,3319,665
2025-06,total_creditos_sectores,numerica,KS,0.06389550254062382,0.020617454398083983,3319,665
2025-06,total_creditos_sectores,numerica,PSI,0.03370645562494724,,3319,665
2025-06,total_creditos_sectores,numerica,Jensen-Shannon,0.085565108138345,,3319,665
2025-06,diferencia_ingresos,numerica,KS,0.15069390928606818,1.5799967953012563e-08,3319,665
2025-06,diferencia_ingresos,numerica,PSI,0.11698171783192353,,3319,665
2025-06,diferencia_ingresos,numerica,Jensen-Shannon,0.16286599755841197,,3319,665
2025-06,ratio_ingresos_declarados,numerica,KS,0.13940113043103075,2.4075040240630377e-07,3319,665
2025-06,ratio_ingresos_declarados,numerica,PSI,0.08825274232888104,,3319,665
2025-06,ratio_ingresos_declarados,numerica,Jensen-Shannon,0.14531488868421466,,3319,665
2025-06,sin_historial_ingresos,numerica,KS,0.024877952639960954,0.8725811668309759,3319,665
2025-06,sin_historial_ingresos,numerica,PSI,0.0,,3319,665
2025-06,sin_historial_ingresos,numerica,Jensen-Shannon,0.0,,3319,665
2025-06,dia_semana_prestamo,numerica,KS,0.10034365818130742,2.5989341882552174e-05,3319,665
2025-06,dia_semana_prestamo,numerica,PSI,0.12012632109564417,,3319,665
2025-06,dia_semana_prestamo,numerica,Jensen-Shannon,0.14590605445999935,,3319,665
2025-06,tipo_credito,categorica,Chi2,267.4715833842759,1.1188364683556147e-56,3319,665
2025-06,tipo_laboral,categorica,Chi2,9.757924764625674,0.0017855134964841373,3319,665
2025-06,tendencia_ingresos,categorica,Chi2,67.3049507435482,1.28418712834283e-07,3319,665
2025-06,probabilidad_predicha,prediccion,PSI,0.19902733359404184,,3319,665
2025-06,probabilidad_predicha,prediccion,Jensen-Shannon,0.20301588837242868,,3319,665
2025-06,tasa_aprobacion,agregado,diferencia_pct_puntos,0.211722436552364,,3319,665
2025-07,capital_prestado,numerica,KS,0.05962938773371462,0.04119505287726826,3319,644
2025-07,capital_prestado,numerica,PSI,0.07196200003744532,,3319,644
2025-07,capital_prestado,numerica,Jensen-Shannon,0.1255407056914882,,3319,644
2025-07,plazo_meses,numerica,KS,0.3777385615288597,2.475781076982856e-69,3319,644
2025-07,plazo_meses,numerica,PSI,0.7210947362071509,,3319,644
2025-07,plazo_meses,numerica,Jensen-Shannon,0.3513593970027345,,3319,644
2025-07,edad_cliente,numerica,KS,0.03125520483420319,0.6541851869870412,3319,644
2025-07,edad_cliente,numerica,PSI,0.026900349787550834,,3319,644
2025-07,edad_cliente,numerica,Jensen-Shannon,0.10344387956363808,,3319,644
2025-07,salario_cliente,numerica,KS,0.05448209911314306,0.07796421200985912,3319,644
2025-07,salario_cliente,numerica,PSI,0.047405152819429294,,3319,644
2025-07,salario_cliente,numerica,Jensen-Shannon,0.11440667357222747,,3319,644
2025-07,total_otros_prestamos,numerica,KS,0.09378760346508619,0.00013909280145578501,3319,644
2025-07,total_otros_prestamos,numerica,PSI,0.14033386124664918,,3319,644
2025-07,total_otros_prestamos,numerica,Jensen-Shannon,0.19034981531117157,,3319,644
2025-07,cuota_pactada,numerica,KS,0.17481131598794075,7.020411786771321e-15,3319,644
2025-07,cuota_pactada,numerica,PSI,0.15286605307570764,,3319,644
2025-07,cuota_pactada,numerica,Jensen-Shannon,0.1755966376519364,,3319,644
2025-07,puntaje_datacredito,numerica,KS,0.03506966745749826,0.507941200123774,3319,644
2025-07,puntaje_datacredito,numerica,PSI,0.018962245578309087,,3319,644
2025-07,puntaje_datacredito,numerica,Jensen-Shannon,0.09542980992124186,,3319,644
2025-07,cant_creditosvigentes,numerica,KS,0.035188889866176076,0.5035728583583521,3319,644
2025-07,cant_creditosvigentes,numerica,PSI,0.0173444859554808,,3319,644
2025-07,cant_creditosvigentes,numerica,Jensen-Shannon,0.05760244353894139,,3319,644
2025-07,huella_consulta,numerica,KS,0.06909587000499667,0.010981781497322613,3319,644
2025-07,huella_consulta,numerica,PSI,0.04246217266207021,,3319,644
2025-07,huella_consulta,numerica,Jensen-Shannon,0.08740254330721128,,3319,644
2025-07,saldo_mora,numerica,KS,0.009646129936942915,0.999999999295247,3319,644
2025-07,saldo_mora,numerica,PSI,0.0,,3319,644
2025-07,saldo_mora,numerica,Jensen-Shannon,0.0,,3319,644
2025-07,saldo_total,numerica,KS,0.06434325932012652,0.02400897927125658,3319,644
2025-07,saldo_total,numerica,PSI,0.03618089311019633,,3319,644
2025-07,saldo_total,numerica,Jensen-Shannon,0.09504815429082036,,3319,644
2025-07,saldo_principal,numerica,KS,0.07326205753433246,0.007440163270170071,3319,644
2025-07,saldo_principal,numerica,PSI,0.0329778066991763,,3319,644
2025-07,saldo_principal,numerica,Jensen-Shannon,0.08922596265201307,,3319,644
2025-07,saldo_mora_codeudor,numerica,KS,0.0009842519685039353,1.0,3319,644
2025-07,saldo_mora_codeudor,numerica,PSI,0.0,,3319,644
2025-07,saldo_mora_codeudor,numerica,Jensen-Shannon,0.0,,3319,644
2025-07,creditos_sectorFinanciero,numerica,KS,0.04738106778401785,0.1711503663790201,3319,644
2025-07,creditos_sectorFinanciero,numerica,PSI,0.024321109406566697,,3319,644
2025-07,creditos_sectorFinanciero,numerica,Jensen-Shannon,0.06740443474171688,,3319,644
2025-07,creditos_sectorCooperativo,numerica,KS,0.033508839562915615,0.5664800557407055,3319,644
2025-07,creditos_sectorCooperativo,numerica,PSI,0.0024494673093648964,,3319,644
2025-07,creditos_sectorCooperativo,numerica,Jensen-Shannon,0.02121930930926649,,3319,644
2025-07,creditos_sectorReal,numerica,KS,0.05618273482808367,0.06360538217001963,3319,644
2025-07,creditos_sectorReal,numerica,PSI,0.026901577072685562,,3319,644
2025-07,creditos_sectorReal,numerica,Jensen-Shannon,0.07092012410632013,,3319,644
2025-07,promedio_ingresos_datacredito,numerica,KS,0.19840137577336373,1.189413543422649e-12,3319,644
2025-07,promedio_ingresos_datacredito,numerica,PSI,0.6825649964460019,,3319,644
2025-07,promedio_ingresos_datacredito,numerica,Jensen-Shannon,0.3548813779723945,,3319,644
2025-07,ratio_cuota_salario,numerica,KS,0.13730687192978008,2.6380966121009964e-09,3319,644
2025-07,ratio_cuota_salario,numerica,PSI,0.10729236520599492,,3319,644
2025-07,ratio_cuota_salario,numerica,Jensen-Shannon,0.15054832488824663,,3319,644
2025-07,ratio_endeudamiento,numerica,KS,0.11795290126087776,5.608237309098548e-07,3319,644
2025-07,ratio_endeudamiento,numerica,PSI,0.18592554695985986,,3319,644
2025-07,ratio_endeudamiento,numerica,Jensen-Shannon,0.20086508935497313,,3319,644
2025-07,ratio_capital_salario,numerica,KS,0.07374549669702898,0.005430584205393666,3319,644
2025-07,ratio_capital_salario,numerica,PSI,0.055217684379249614,,3319,644
2025-07,ratio_capital_salario,numerica,Jensen-Shannon,0.1217965778142507,,3319,644
2025-07,carga_total,numerica,KS,0.12726153076077007,4.718780224074655e-08,3319,644
2025-07,carga_total,numerica,PSI,0.1578290759505932,,3319,644
2025-07,carga_total,numerica,Jensen-Shannon,0.18217923745224995,,3319,644
2025-07,total_creditos_sectores,numerica,KS,0.017801234750420503,0.9942880588849393,3319,644
2025-07,total_creditos_sectores,numerica,PSI,0.008361444495723439,,3319,644
2025-07,total_creditos_sectores,numerica,Jensen-Shannon,0.04066118288388632,,3319,644
2025-07,diferencia_ingresos,numerica,KS,0.11199324324324322,0.0002575027082596659,3319,644
2025-07,diferencia_ingresos,numerica,PSI,0.08823872737295632,,3319,644
2025-07,diferencia_ingresos,numerica,Jensen-Shannon,0.19545282429821126,,3319,644
2025-07,ratio_ingresos_declarados,numerica,KS,0.12232946247101958,4.686259289189552e-05,3319,644
2025-07,ratio_ingresos_declarados,numerica,PSI,0.09160528836532764,,3319,644
2025-07,ratio_ingresos_declarados,numerica,Jensen-Shannon,0.19066991198703764,,3319,644
2025-07,sin_historial_ingresos,numerica,KS,0.06905797413349457,0.011027879586468817,3319,644
2025-07,sin_historial_ingresos,numerica,PSI,0.0,,3319,644
2025-07,sin_historial_ingresos,numerica,Jensen-Shannon,0.0,,3319,644
2025-07,dia_semana_prestamo,numerica,KS,0.11642734566087592,7.900217625764667e-07,3319,644
2025-07,dia_semana_prestamo,numerica,PSI,0.06023839449307033,,3319,644
2025-07,dia_semana_prestamo,numerica,Jensen-Shannon,0.10404928475881407,,3319,644
2025-07,tipo_credito,categorica,Chi2,81.12183897534128,1.007631261341915e-16,3319,644
2025-07,tipo_laboral,categorica,Chi2,26.319642110708614,2.893310984957005e-07,3319,644
2025-07,tendencia_ingresos,categorica,Chi2,78.07115920818933,1.6919156715543474e-08,3319,644
2025-07,probabilidad_predicha,prediccion,PSI,0.33084496582756623,,3319,644
2025-07,probabilidad_predicha,prediccion,Jensen-Shannon,0.25843658288902294,,3319,644
2025-07,tasa_aprobacion,agregado,diferencia_pct_puntos,0.35229124989005767,,3319,644
2025-08,capital_prestado,numerica,KS,0.061001224182905434,0.05541773612605443,3319,555
2025-08,capital_prestado,numerica,PSI,0.049023714343451125,,3319,555
2025-08,capital_prestado,numerica,Jensen-Shannon,0.11852968450784307,,3319,555
2025-08,plazo_meses,numerica,KS,0.36986664278017095,1.2445865007788163e-58,3319,555
2025-08,plazo_meses,numerica,PSI,0.7373671218307893,,3319,555
2025-08,plazo_meses,numerica,Jensen-Shannon,0.3579001826681374,,3319,555
2025-08,edad_cliente,numerica,KS,0.014863371958882654,0.9998932533829988,3319,555
2025-08,edad_cliente,numerica,PSI,0.007488743257385301,,3319,555
2025-08,edad_cliente,numerica,Jensen-Shannon,0.07305953805092716,,3319,555
2025-08,salario_cliente,numerica,KS,0.12148291708400177,1.416335433528881e-06,3319,555
2025-08,salario_cliente,numerica,PSI,0.14128489710841205,,3319,555
2025-08,salario_cliente,numerica,Jensen-Shannon,0.21779306651690017,,3319,555
2025-08,total_otros_prestamos,numerica,KS,0.15015485506597287,7.992122712976249e-10,3319,555
2025-08,total_otros_prestamos,numerica,PSI,0.22097459018171062,,3319,555
2025-08,total_otros_prestamos,numerica,Jensen-Shannon,0.2773526063642401,,3319,555
2025-08,cuota_pactada,numerica,KS,0.2102760790317284,6.571988101827094e-19,3319,555
2025-08,cuota_pactada,numerica,PSI,0.21134926835111062,,3319,555
2025-08,cuota_pactada,numerica,Jensen-Shannon,0.20839348539049118,,3319,555
2025-08,puntaje_datacredito,numerica,KS,0.05904981339973825,0.06974312790292098,3319,555
2025-08,puntaje_datacredito,numerica,PSI,0.02970208544008853,,3319,555
2025-08,puntaje_datacredito,numerica,Jensen-Shannon,0.10731791249986074,,3319,555
2025-08,cant_creditosvigentes,numerica,KS,0.03639270484705859,0.5406921624198695,3319,555
2025-08,cant_creditosvigentes,numerica,PSI,0.01156530714228097,,3319,555
2025-08,cant_creditosvigentes,numerica,Jensen-Shannon,0.05874897585170067,,3319,555
2025-08,huella_consulta,numerica,KS,0.13056358558015685,1.5755524973538645e-07,3319,555
2025-08,huella_consulta,numerica,PSI,0.08514160543316787,,3319,555
2025-08,huella_consulta,numerica,Jensen-Shannon,0.1314409734341586,,3319,555
2025-08,saldo_mora,numerica,KS,0.00941446143140734,0.9999999999844832,3319,555
2025-08,saldo_mora,numerica,PSI,0.0,,3319,555
2025-08,saldo_mora,numerica,Jensen-Shannon,0.0,,3319,555
2025-08,saldo_total,numerica,KS,0.07510107270652494,0.00940231070390148,3319,555
2025-08,saldo_total,numerica,PSI,0.03171382918430584,,3319,555
2025-08,saldo_total,numerica,Jensen-Shannon,0.10541518667115933,,3319,555
2025-08,saldo_principal,numerica,KS,0.07073405986578651,0.01797218649336203,3319,555
2025-08,saldo_principal,numerica,PSI,0.030372167274762454,,3319,555
2025-08,saldo_principal,numerica,Jensen-Shannon,0.10389876706364248,,3319,555
2025-08,saldo_mora_codeudor,numerica,KS,0.0009842519685039353,1.0,3319,555
2025-08,saldo_mora_codeudor,numerica,PSI,0.0,,3319,555
2025-08,saldo_mora_codeudor,numerica,Jensen-Shannon,0.0,,3319,555
2025-08,creditos_sectorFinanciero,numerica,KS,0.04155598804589461,0.37269537430360256,3319,555
2025-08,creditos_sectorFinanciero,numerica,PSI,0.013472447171882389,,3319,555
2025-08,creditos_sectorFinanciero,numerica,Jensen-Shannon,0.051206218703642885,,3319,555
2025-08,creditos_sectorCooperativo,numerica,KS,0.04481486608633345,0.28547997843297435,3319,555
2025-08,creditos_sectorCooperativo,numerica,PSI,0.00808969164671174,,3319,555
2025-08,creditos_sectorCooperativo,numerica,Jensen-Shannon,0.040248987831819245,,3319,555
2025-08,creditos_sectorReal,numerica,KS,0.02489461440952856,0.9215049517169884,3319,555
2025-08,creditos_sectorReal,numerica,PSI,0.009959648285641408,,3319,555
2025-08,creditos_sectorReal,numerica,Jensen-Shannon,0.042565866272164084,,3319,555
2025-08,promedio_ingresos_datacredito,numerica,KS,0.19324974012474014,4.831992847497521e-12,3319,555
2025-08,promedio_ingresos_datacredito,numerica,PSI,1.247870054611317,,3319,555
2025-08,promedio_ingresos_datacredito,numerica,Jensen-Shannon,0.3918578378300603,,3319,555
2025-08,ratio_cuota_salario,numerica,KS,0.22246497183302028,4.805597476801101e-21,3319,555
2025-08,ratio_cuota_salario,numerica,PSI,0.2918189770078182,,3319,555
2025-08,ratio_cuota_salario,numerica,Jensen-Shannon,0.25232428211241387,,3319,555
2025-08,ratio_endeudamiento,numerica,KS,0.18172462017254742,3.7866596033008485e-14,3319,555
2025-08,ratio_endeudamiento,numerica,PSI,0.41781446779510434,,3319,555
2025-08,ratio_endeudamiento,numerica,Jensen-Shannon,0.3234243588131252,,3319,555
2025-08,ratio_capital_salario,numerica,KS,0.11893490735755652,2.6992900369583e-06,3319,555
2025-08,ratio_capital_salario,numerica,PSI,0.11589003538172471,,3319,555
2025-08,ratio_capital_salario,numerica,Jensen-Shannon,0.16731885923303141,,3319,555
2025-08,carga_total,numerica,KS,0.19896130159021963,6.937822235807323e-17,3319,555
2025-08,carga_total,numerica,PSI,0.34206855710987044,,3319,555
2025-08,carga_total,numerica,Jensen-Shannon,0.28815890363518215,,3319,555
2025-08,total_creditos_sectores,numerica,KS,0.049515619868135685,0.18695729364838856,3319,555
2025-08,total_creditos_sectores,numerica,PSI,0.01950689631055668,,3319,555
2025-08,total_creditos_sectores,numerica,Jensen-Shannon,0.06457198471768469,,3319,555
2025-08,diferencia_ingresos,numerica,KS,0.17963877338877343,1.8577103577663215e-10,3319,555
2025-08,diferencia_ingresos,numerica,PSI,0.283338002914744,,3319,555
2025-08,diferencia_ingresos,numerica,Jensen-Shannon,0.26262623138399693,,3319,555
2025-08,ratio_ingresos_declarados,numerica,KS,0.1715146771832819,1.440240618033946e-09,3319,555
2025-08,ratio_ingresos_declarados,numerica,PSI,0.20083815627932158,,3319,555
2025-08,ratio_ingresos_declarados,numerica,Jensen-Shannon,0.22235600266972852,,3319,555
2025-08,sin_historial_ingresos,numerica,KS,0.036081637527856314,0.5517579312465212,3319,555
2025-08,sin_historial_ingresos,numerica,PSI,0.0,,3319,555
2025-08,sin_historial_ingresos,numerica,Jensen-Shannon,0.0,,3319,555
2025-08,dia_semana_prestamo,numerica,KS,0.0777396860554438,0.005992857886454792,3319,555
2025-08,dia_semana_prestamo,numerica,PSI,0.08818036056356283,,3319,555
2025-08,dia_semana_prestamo,numerica,Jensen-Shannon,0.1254696241067468,,3319,555
2025-08,tipo_credito,categorica,Chi2,9.191547563555405,0.05648601741842609,3319,555
2025-08,tipo_laboral,categorica,Chi2,9.09343895291942,0.00256528067509089,3319,555
2025-08,tendencia_ingresos,categorica,Chi2,76.04625840284749,8.841982715635007e-09,3319,555
2025-08,probabilidad_predicha,prediccion,PSI,0.4958029030957439,,3319,555
2025-08,probabilidad_predicha,prediccion,Jensen-Shannon,0.31076099506409666,,3319,555
2025-08,tasa_aprobacion,agregado,diferencia_pct_puntos,0.30248989574087615,,3319,555
2025-09,capital_prestado,numerica,KS,0.0753614503584249,0.04680598570020673,3319,361
2025-09,capital_prestado,numerica,PSI,0.08352727068581349,,3319,361
2025-09,capital_prestado,numerica,Jensen-Shannon,0.1574444779697202,,3319,361
2025-09,plazo_meses,numerica,KS,0.2971867673656,6.011390221865882e-26,3319,361
2025-09,plazo_meses,numerica,PSI,0.6469209058481481,,3319,361
2025-09,plazo_meses,numerica,Jensen-Shannon,0.3347842445872817,,3319,361
2025-09,edad_cliente,numerica,KS,0.033327797061992626,0.8491873135867907,3319,361
2025-09,edad_cliente,numerica,PSI,0.01383330338409993,,3319,361
2025-09,edad_cliente,numerica,Jensen-Shannon,0.10083391676107648,,3319,361
2025-09,salario_cliente,numerica,KS,0.1140524755061724,0.0003792867682647548,3319,361
2025-09,salario_cliente,numerica,PSI,0.3086573677760999,,3319,361
2025-09,salario_cliente,numerica,Jensen-Shannon,0.2972666597401226,,3319,361
2025-09,total_otros_prestamos,numerica,KS,0.19029360877813378,8.521759964772658e-11,3319,361
2025-09,total_otros_prestamos,numerica,PSI,0.25532265880066213,,3319,361
2025-09,total_otros_prestamos,numerica,Jensen-Shannon,0.2881511045065854,,3319,361
2025-09,cuota_pactada,numerica,KS,0.17759078719936172,1.878974828000065e-09,3319,361
2025-09,cuota_pactada,numerica,PSI,0.14983018471417164,,3319,361
2025-09,cuota_pactada,numerica,Jensen-Shannon,0.1904760578136259,,3319,361
2025-09,puntaje_datacredito,numerica,KS,0.030860913768323534,0.905188811486859,3319,361
2025-09,puntaje_datacredito,numerica,PSI,0.03434107031284926,,3319,361
2025-09,puntaje_datacredito,numerica,Jensen-Shannon,0.11249339775459326,,3319,361
2025-09,cant_creditosvigentes,numerica,KS,0.034640644522137776,0.8150614990169811,3319,361
2025-09,cant_creditosvigentes,numerica,PSI,0.016848366637088316,,3319,361
2025-09,cant_creditosvigentes,numerica,Jensen-Shannon,0.05999084628305745,,3319,361
2025-09,huella_consulta,numerica,KS,0.07990091465323051,0.029456826042919652,3319,361
2025-09,huella_consulta,numerica,PSI,0.06391521323902928,,3319,361
2025-09,huella_consulta,numerica,Jensen-Shannon,0.10948847692460786,,3319,361
2025-09,saldo_mora,numerica,KS,0.011235955056179692,0.9999999999893006,3319,361
2025-09,saldo_mora,numerica,PSI,0.0,,3319,361
2025-09,saldo_mora,numerica,Jensen-Shannon,0.0,,3319,361
2025-09,saldo_total,numerica,KS,0.06950827704297635,0.08452251867612572,3319,361
2025-09,saldo_total,numerica,PSI,0.025992397860296557,,3319,361
2025-09,saldo_total,numerica,Jensen-Shannon,0.0953867598126366,,3319,361
2025-09,saldo_principal,numerica,KS,0.07293241007721185,0.06707106644159555,3319,361
2025-09,saldo_principal,numerica,PSI,0.0213884498150748,,3319,361
2025-09,saldo_principal,numerica,Jensen-Shannon,0.11400443020270744,,3319,361
2025-09,saldo_mora_codeudor,numerica,KS,0.0009842519685039353,1.0,3319,361
2025-09,saldo_mora_codeudor,numerica,PSI,0.0,,3319,361
2025-09,saldo_mora_codeudor,numerica,Jensen-Shannon,0.0,,3319,361
2025-09,creditos_sectorFinanciero,numerica,KS,0.02379567319529377,0.9905218464072391,3319,361
2025-09,creditos_sectorFinanciero,numerica,PSI,0.020867766808663826,,3319,361
2025-09,creditos_sectorFinanciero,numerica,Jensen-Shannon,0.07492578996029957,,3319,361
2025-09,creditos_sectorCooperativo,numerica,KS,0.025005028547964048,0.9836711920034585,3319,361
2025-09,creditos_sectorCooperativo,numerica,PSI,0.00685609389893099,,3319,361
2025-09,creditos_sectorCooperativo,numerica,Jensen-Shannon,0.03816590002171691,,3319,361
2025-09,creditos_sectorReal,numerica,KS,0.010954305730708547,0.9999999999963505,3319,361
2025-09,creditos_sectorReal,numerica,PSI,0.0008485237730038166,,3319,361
2025-09,creditos_sectorReal,numerica,Jensen-Shannon,0.02202923713545428,,3319,361
2025-09,promedio_ingresos_datacredito,numerica,KS,0.24454607533064981,9.60363638775561e-14,3319,361
2025-09,promedio_ingresos_datacredito,numerica,PSI,1.227165774621637,,3319,361
2025-09,promedio_ingresos_datacredito,numerica,Jensen-Shannon,0.39336638032005056,,3319,361
2025-09,ratio_cuota_salario,numerica,KS,0.1161322527601597,0.00028371366080616505,3319,361
2025-09,ratio_cuota_salario,numerica,PSI,0.07325483303883687,,3319,361
2025-09,ratio_cuota_salario,numerica,Jensen-Shannon,0.14434472579288582,,3319,361
2025-09,ratio_endeudamiento,numerica,KS,0.18412111144669285,4.1828259615681876e-10,3319,361
2025-09,ratio_endeudamiento,numerica,PSI,0.34603245884788214,,3319,361
2025-09,ratio_endeudamiento,numerica,Jensen-Shannon,0.27664830625449643,,3319,361
2025-09,ratio_capital_salario,numerica,KS,0.04729185543139036,0.4471299733055226,3319,361
2025-09,ratio_capital_salario,numerica,PSI,0.025661351538038463,,3319,361
2025-09,ratio_capital_salario,numerica,Jensen-Shannon,0.09360547178908778,,3319,361
2025-09,carga_total,numerica,KS,0.1308928151951408,2.5947181476846965e-05,3319,361
2025-09,carga_total,numerica,PSI,0.2060141612954494,,3319,361
2025-09,carga_total,numerica,Jensen-Shannon,0.20993812783848187,,3319,361
2025-09,total_creditos_sectores,numerica,KS,0.029447677645454418,0.931476923777594,3319,361
2025-09,total_creditos_sectores,numerica,PSI,0.016187636875953357,,3319,361
2025-09,total_creditos_sectores,numerica,Jensen-Shannon,0.0715071019028785,,3319,361
2025-09,diferencia_ingresos,numerica,KS,0.15692986869848574,6.894386472733627e-06,3319,361
2025-09,diferencia_ingresos,numerica,PSI,0.20272381323608085,,3319,361
2025-09,diferencia_ingresos,numerica,Jensen-Shannon,0.22998273572806321,,3319,361
2025-09,ratio_ingresos_declarados,numerica,KS,0.14629421378555468,3.5846571709223516e-05,3319,361
2025-09,ratio_ingresos_declarados,numerica,PSI,0.11861529651718536,,3319,361
2025-09,ratio_ingresos_declarados,numerica,Jensen-Shannon,0.2078190539360714,,3319,361
2025-09,sin_historial_ingresos,numerica,KS,0.06769552288135383,0.09621504030575957,3319,361
2025-09,sin_historial_ingresos,numerica,PSI,0.0,,3319,361
2025-09,sin_historial_ingresos,numerica,Jensen-Shannon,0.0,,3319,361
2025-09,dia_semana_prestamo,numerica,KS,0.04367951165079098,0.5473438009998453,3319,361
2025-09,dia_semana_prestamo,numerica,PSI,0.04240294113092051,,3319,361
2025-09,dia_semana_prestamo,numerica,Jensen-Shannon,0.0872028830495828,,3319,361
2025-09,tipo_credito,categorica,Chi2,13.925748124414364,0.0075358468495454415,3319,361
2025-09,tipo_laboral,categorica,Chi2,4.919689594095994,0.0265522872828328,3319,361
2025-09,tendencia_ingresos,categorica,Chi2,51.60153861767385,7.588388833680512e-05,3319,361
2025-09,probabilidad_predicha,prediccion,PSI,0.43843876144314775,,3319,361
2025-09,probabilidad_predicha,prediccion,Jensen-Shannon,0.2980765685228242,,3319,361
2025-09,tasa_aprobacion,agregado,diferencia_pct_puntos,0.385841945851928,,3319,361
2025-10,capital_prestado,numerica,KS,0.14768961078090337,0.0001409988066356375,3319,231
2025-10,capital_prestado,numerica,PSI,0.11815680112004785,,3319,231
2025-10,capital_prestado,numerica,Jensen-Shannon,0.1752401882420278,,3319,231
2025-10,plazo_meses,numerica,KS,0.224347812476767,4.991436007397915e-10,3319,231
2025-10,plazo_meses,numerica,PSI,0.6226208589046623,,3319,231
2025-10,plazo_meses,numerica,Jensen-Shannon,0.32772410085983583,,3319,231
2025-10,edad_cliente,numerica,KS,0.09510244701567389,0.037467351931135665,3319,231
2025-10,edad_cliente,numerica,PSI,0.10253325327234766,,3319,231
2025-10,edad_cliente,numerica,Jensen-Shannon,0.15198964884560065,,3319,231
2025-10,salario_cliente,numerica,KS,0.13447434357346982,0.0007208103842492928,3319,231
2025-10,salario_cliente,numerica,PSI,0.46465647387052056,,3319,231
2025-10,salario_cliente,numerica,Jensen-Shannon,0.3431138469012251,,3319,231
2025-10,total_otros_prestamos,numerica,KS,0.20055850546962328,4.3331211475301835e-08,3319,231
2025-10,total_otros_prestamos,numerica,PSI,0.3154398031841024,,3319,231
2025-10,total_otros_prestamos,numerica,Jensen-Shannon,0.30870199190395803,,3319,231
2025-10,cuota_pactada,numerica,KS,0.19681252763506452,8.344631061871951e-08,3319,231
2025-10,cuota_pactada,numerica,PSI,0.1861828091996841,,3319,231
2025-10,cuota_pactada,numerica,Jensen-Shannon,0.2173228405177093,,3319,231
2025-10,puntaje_datacredito,numerica,KS,0.07116689962635095,0.2130668472450885,3319,231
2025-10,puntaje_datacredito,numerica,PSI,0.020487378421819344,,3319,231
2025-10,puntaje_datacredito,numerica,Jensen-Shannon,0.16286784137144505,,3319,231
2025-10,cant_creditosvigentes,numerica,KS,0.044362185971104307,0.7706959010383273,3319,231
2025-10,cant_creditosvigentes,numerica,PSI,0.029142617084553502,,3319,231
2025-10,cant_creditosvigentes,numerica,Jensen-Shannon,0.07854840488547757,,3319,231
2025-10,huella_consulta,numerica,KS,0.09318772018380334,0.04385899157813495,3319,231
2025-10,huella_consulta,numerica,PSI,0.06675663473836267,,3319,231
2025-10,huella_consulta,numerica,Jensen-Shannon,0.10907507007011684,,3319,231
2025-10,saldo_mora,numerica,KS,0.006811176295117738,1.0,3319,231
2025-10,saldo_mora,numerica,PSI,0.0,,3319,231
2025-10,saldo_mora,numerica,Jensen-Shannon,0.0,,3319,231
2025-10,saldo_total,numerica,KS,0.03833151039077254,0.9023742793799584,3319,231
2025-10,saldo_total,numerica,PSI,0.029440221334298383,,3319,231
2025-10,saldo_total,numerica,Jensen-Shannon,0.12232326983568433,,3319,231
2025-10,saldo_principal,numerica,KS,0.035199702493743934,0.9529352418350161,3319,231
2025-10,saldo_principal,numerica,PSI,0.023628008304128065,,3319,231
2025-10,saldo_principal,numerica,Jensen-Shannon,0.11034794280317484,,3319,231
2025-10,saldo_mora_codeudor,numerica,KS,0.0009842519685039353,1.0,3319,231
2025-10,saldo_mora_codeudor,numerica,PSI,0.0,,3319,231
2025-10,saldo_mora_codeudor,numerica,Jensen-Shannon,0.0,,3319,231
2025-10,creditos_sectorFinanciero,numerica,KS,0.026067936281856108,0.9977162266550824,3319,231
2025-10,creditos_sectorFinanciero,numerica,PSI,0.00944018774126059,,3319,231
2025-10,creditos_sectorFinanciero,numerica,Jensen-Shannon,0.059538638464773606,,3319,231
2025-10,creditos_sectorCooperativo,numerica,KS,0.02639140511993776,0.9972771368487224,3319,231
2025-10,creditos_sectorCooperativo,numerica,PSI,0.00042859941049561216,,3319,231
2025-10,creditos_sectorCooperativo,numerica,Jensen-Shannon,0.0421570628673287,,3319,231
2025-10,creditos_sectorReal,numerica,KS,0.027220946172437643,0.9958432088876756,3319,231
2025-10,creditos_sectorReal,numerica,PSI,0.004172863261875887,,3319,231
2025-10,creditos_sectorReal,numerica,Jensen-Shannon,0.03372644045073351,,3319,231
2025-10,promedio_ingresos_datacredito,numerica,KS,0.2501025230432745,2.2784567808788572e-09,3319,231
2025-10,promedio_ingresos_datacredito,numerica,PSI,1.2066248822724142,,3319,231
2025-10,promedio_ingresos_datacredito,numerica,Jensen-Shannon,0.3949109999891088,,3319,231
2025-10,ratio_cuota_salario,numerica,KS,0.1200044646960724,0.003703577597065445,3319,231
2025-10,ratio_cuota_salario,numerica,PSI,0.11784008616480263,,3319,231
2025-10,ratio_cuota_salario,numerica,Jensen-Shannon,0.17728630367763404,,3319,231
2025-10,ratio_endeudamiento,numerica,KS,0.2226622720050425,7.621673747055056e-10,3319,231
2025-10,ratio_endeudamiento,numerica,PSI,0.4627168878436302,,3319,231
2025-10,ratio_endeudamiento,numerica,Jensen-Shannon,0.36032358544369525,,3319,231
2025-10,ratio_capital_salario,numerica,KS,0.07111604270350469,0.21570858955629546,3319,231
2025-10,ratio_capital_salario,numerica,PSI,0.04318156563320663,,3319,231
2025-10,ratio_capital_salario,numerica,Jensen-Shannon,0.13199115365101757,,3319,231
2025-10,carga_total,numerica,KS,0.1845810407994432,6.921887429597856e-07,3319,231
2025-10,carga_total,numerica,PSI,0.28428979141406036,,3319,231
2025-10,carga_total,numerica,Jensen-Shannon,0.2800739667247543,,3319,231
2025-10,total_creditos_sectores,numerica,KS,0.029610441782782826,0.9884607279117451,3319,231
2025-10,total_creditos_sectores,numerica,PSI,0.01953508700369715,,3319,231
2025-10,total_creditos_sectores,numerica,Jensen-Shannon,0.07336140706430101,,3319,231
2025-10,diferencia_ingresos,numerica,KS,0.16109299328229976,0.0004005098803896744,3319,231
2025-10,diferencia_ingresos,numerica,PSI,0.24862773434943855,,3319,231
2025-10,diferencia_ingresos,numerica,Jensen-Shannon,0.30336659062987026,,3319,231
2025-10,ratio_ingresos_declarados,numerica,KS,0.14355179704016913,0.002400941794411753,3319,231
2025-10,ratio_ingresos_declarados,numerica,PSI,0.30782321700793797,,3319,231
2025-10,ratio_ingresos_declarados,numerica,Jensen-Shannon,0.2673479308077784,,3319,231
2025-10,sin_historial_ingresos,numerica,KS,0.03544983689605563,0.9393217757251812,3319,231
2025-10,sin_historial_ingresos,numerica,PSI,0.0,,3319,231
2025-10,sin_historial_ingresos,numerica,Jensen-Shannon,0.0,,3319,231
2025-10,dia_semana_prestamo,numerica,KS,0.16555213391609896,1.2137113007618302e-05,3319,231
2025-10,dia_semana_prestamo,numerica,PSI,0.19546255142770713,,3319,231
2025-10,dia_semana_prestamo,numerica,Jensen-Shannon,0.18547625530737255,,3319,231
2025-10,tipo_credito,categorica,Chi2,17.732452177643324,0.0013918678313554794,3319,231
2025-10,tipo_laboral,categorica,Chi2,0.013514902010924892,0.9074515495133488,3319,231
2025-10,tendencia_ingresos,categorica,Chi2,48.834755303802204,0.0001941138287658345,3319,231
2025-10,probabilidad_predicha,prediccion,PSI,0.24621492705475803,,3319,231
2025-10,probabilidad_predicha,prediccion,Jensen-Shannon,0.2529969152991562,,3319,231
2025-10,tasa_aprobacion,agregado,diferencia_pct_puntos,-0.20295060969963696,,3319,231
2025-11,capital_prestado,numerica,KS,0.10475284688013875,0.057456977443143535,3319,166
2025-11,capital_prestado,numerica,PSI,0.15491160963948575,,3319,166
2025-11,capital_prestado,numerica,Jensen-Shannon,0.20348809040672086,,3319,166
2025-11,plazo_meses,numerica,KS,0.1736515208166199,0.00012238082297138684,3319,166
2025-11,plazo_meses,numerica,PSI,0.34134398718746645,,3319,166
2025-11,plazo_meses,numerica,Jensen-Shannon,0.2529324475090171,,3319,166
2025-11,edad_cliente,numerica,KS,0.12662581631134362,0.011439178707530046,3319,166
2025-11,edad_cliente,numerica,PSI,0.14330419565710087,,3319,166
2025-11,edad_cliente,numerica,Jensen-Shannon,0.18379954085476327,,3319,166
2025-11,salario_cliente,numerica,KS,0.1310780936339513,0.007906451419172374,3319,166
2025-11,salario_cliente,numerica,PSI,0.45991419434611835,,3319,166
2025-11,salario_cliente,numerica,Jensen-Shannon,0.30983868669895837,,3319,166
2025-11,total_otros_prestamos,numerica,KS,0.13790443485300044,0.004348659430878476,3319,166
2025-11,total_otros_prestamos,numerica,PSI,0.25671444986401404,,3319,166
2025-11,total_otros_prestamos,numerica,Jensen-Shannon,0.30649659384653916,,3319,166
2025-11,cuota_pactada,numerica,KS,0.13823114089379507,0.0042335245013759605,3319,166
2025-11,cuota_pactada,numerica,PSI,0.20699960756944696,,3319,166
2025-11,cuota_pactada,numerica,Jensen-Shannon,0.2489646479577409,,3319,166
2025-11,puntaje_datacredito,numerica,KS,0.10501033376799335,0.056701170627375404,3319,166
2025-11,puntaje_datacredito,numerica,PSI,0.07823913185713684,,3319,166
2025-11,puntaje_datacredito,numerica,Jensen-Shannon,0.18506344571685876,,3319,166
2025-11,cant_creditosvigentes,numerica,KS,0.07462328978462807,0.32460581010770195,3319,166
2025-11,cant_creditosvigentes,numerica,PSI,0.06121281318259346,,3319,166
2025-11,cant_creditosvigentes,numerica,Jensen-Shannon,0.11017680648405746,,3319,166
2025-11,huella_consulta,numerica,KS,0.04487307470315116,0.8925591893293146,3319,166
2025-11,huella_consulta,numerica,PSI,0.04153818298394079,,3319,166
2025-11,huella_consulta,numerica,Jensen-Shannon,0.09741341111591346,,3319,166
2025-11,saldo_mora,numerica,KS,0.011235955056179692,1.0,3319,166
2025-11,saldo_mora,numerica,PSI,0.0,,3319,166
2025-11,saldo_mora,numerica,Jensen-Shannon,0.0,,3319,166
2025-11,saldo_total,numerica,KS,0.08323474781046991,0.21910662723198654,3319,166
2025-11,saldo_total,numerica,PSI,0.0364359685471912,,3319,166
2025-11,saldo_total,numerica,Jensen-Shannon,0.13284280548070684,,3319,166
2025-11,saldo_principal,numerica,KS,0.09931219825059118,0.09547739288729347,3319,166
2025-11,saldo_principal,numerica,PSI,0.04539064160242463,,3319,166
2025-11,saldo_principal,numerica,Jensen-Shannon,0.15242418756403417,,3319,166
2025-11,saldo_mora_codeudor,numerica,KS,0.0009842519685039353,1.0,3319,166
2025-11,saldo_mora_codeudor,numerica,PSI,0.0,,3319,166
2025-11,saldo_mora_codeudor,numerica,Jensen-Shannon,0.0,,3319,166
2025-11,creditos_sectorFinanciero,numerica,KS,0.08428108335723117,0.19883204105651978,3319,166
2025-11,creditos_sectorFinanciero,numerica,PSI,0.04320869271106273,,3319,166
2025-11,creditos_sectorFinanciero,numerica,Jensen-Shannon,0.10252276484033403,,3319,166
2025-11,creditos_sectorCooperativo,numerica,KS,0.026189119236814662,0.9998067618735628,3319,166
2025-11,creditos_sectorCooperativo,numerica,PSI,0.011395067144552814,,3319,166
2025-11,creditos_sectorCooperativo,numerica,Jensen-Shannon,0.045227941890109175,,3319,166
2025-11,creditos_sectorReal,numerica,KS,0.038157450531260295,0.9683002659231575,3319,166
2025-11,creditos_sectorReal,numerica,PSI,0.04297115425843584,,3319,166
2025-11,creditos_sectorReal,numerica,Jensen-Shannon,0.09556662165623109,,3319,166
2025-11,promedio_ingresos_datacredito,numerica,KS,0.27607130156472265,5.692364964870925e-09,3319,166
2025-11,promedio_ingresos_datacredito,numerica,PSI,0.6108583983550467,,3319,166
2025-11,promedio_ingresos_datacredito,numerica,Jensen-Shannon,0.3659880010943523,,3319,166
2025-11,ratio_cuota_salario,numerica,KS,0.06491493003120907,0.5005351836100514,3319,166
2025-11,ratio_cuota_salario,numerica,PSI,0.056514155339004876,,3319,166
2025-11,ratio_cuota_salario,numerica,Jensen-Shannon,0.16091320334369555,,3319,166
2025-11,ratio_endeudamiento,numerica,KS,0.18715393133997787,2.7131338136618614e-05,3319,166
2025-11,ratio_endeudamiento,numerica,PSI,0.4133752287812728,,3319,166
2025-11,ratio_endeudamiento,numerica,Jensen-Shannon,0.3370996853937936,,3319,166
2025-11,ratio_capital_salario,numerica,KS,0.059438236182422166,0.6128842661643977,3319,166
2025-11,ratio_capital_salario,numerica,PSI,0.0699167424710822,,3319,166
2025-11,ratio_capital_salario,numerica,Jensen-Shannon,0.13616791010156534,,3319,166
2025-11,carga_total,numerica,KS,0.1738447598912715,0.00012641838608207746,3319,166
2025-11,carga_total,numerica,PSI,0.3132854866919711,,3319,166
2025-11,carga_total,numerica,Jensen-Shannon,0.2796016125853337,,3319,166
2025-11,total_creditos_sectores,numerica,KS,0.10353677439495845,0.06233241800236033,3319,166
2025-11,total_creditos_sectores,numerica,PSI,0.0710256637297598,,3319,166
2025-11,total_creditos_sectores,numerica,Jensen-Shannon,0.11758551957039956,,3319,166
2025-11,diferencia_ingresos,numerica,KS,0.13371901036374723,0.019975014432523613,3319,166
2025-11,diferencia_ingresos,numerica,PSI,0.16563894359276538,,3319,166
2025-11,diferencia_ingresos,numerica,Jensen-Shannon,0.22255328337445196,,3319,166
2025-11,ratio_ingresos_declarados,numerica,KS,0.09393568487815734,0.20266980450287703,3319,166
2025-11,ratio_ingresos_declarados,numerica,PSI,0.19244210211958143,,3319,166
2025-11,ratio_ingresos_declarados,numerica,Jensen-Shannon,0.22458467569382107,,3319,166
2025-11,sin_historial_ingresos,numerica,KS,0.08773690725541528,0.1651971704683967,3319,166
2025-11,sin_historial_ingresos,numerica,PSI,0.0,,3319,166
2025-11,sin_historial_ingresos,numerica,Jensen-Shannon,0.0,,3319,166
2025-11,dia_semana_prestamo,numerica,KS,0.125182864631167,0.012762679440911076,3319,166
2025-11,dia_semana_prestamo,numerica,PSI,0.08508880112645356,,3319,166
2025-11,dia_semana_prestamo,numerica,Jensen-Shannon,0.12348861230221697,,3319,166
2025-11,tipo_credito,categorica,Chi2,42.11527971745875,1.5788550081710898e-08,3319,166
2025-11,tipo_laboral,categorica,Chi2,8.663122116197371,0.0032471446063324335,3319,166
2025-11,tendencia_ingresos,categorica,Chi2,37.80743244507459,0.006278536054908776,3319,166
2025-11,probabilidad_predicha,prediccion,PSI,0.3095842988827938,,3319,166
2025-11,probabilidad_predicha,prediccion,Jensen-Shannon,0.2585428136702181,,3319,166
2025-11,tasa_aprobacion,agregado,diferencia_pct_puntos,0.6628502561012328,,3319,166
2025-12,capital_prestado,numerica,KS,0.2460078336848448,2.700252153361282e-09,3319,174
2025-12,capital_prestado,numerica,PSI,0.31752433718330275,,3319,174
2025-12,capital_prestado,numerica,Jensen-Shannon,0.2620712363596545,,3319,174
2025-12,plazo_meses,numerica,KS,0.2704751119468889,3.609166744270789e-11,3319,174
2025-12,plazo_meses,numerica,PSI,0.7020057520297045,,3319,174
2025-12,plazo_meses,numerica,Jensen-Shannon,0.36082669114168886,,3319,174
2025-12,edad_cliente,numerica,KS,0.09240596634493842,0.11119526726424468,3319,174
2025-12,edad_cliente,numerica,PSI,0.05731812493135895,,3319,174
2025-12,edad_cliente,numerica,Jensen-Shannon,0.15255954115567602,,3319,174
2025-12,salario_cliente,numerica,KS,0.21518737467662674,3.3702532642636995e-07,3319,174
2025-12,salario_cliente,numerica,PSI,0.5899260418892627,,3319,174
2025-12,salario_cliente,numerica,Jensen-Shannon,0.3713709956380388,,3319,174
2025-12,total_otros_prestamos,numerica,KS,0.2162557618448986,2.8827287340384526e-07,3319,174
2025-12,total_otros_prestamos,numerica,PSI,0.27204864275466767,,3319,174
2025-12,total_otros_prestamos,numerica,Jensen-Shannon,0.332035258357175,,3319,174
2025-12,cuota_pactada,numerica,KS,0.14717769166034644,0.0013654803962597543,3319,174
2025-12,cuota_pactada,numerica,PSI,0.22488437567731598,,3319,174
2025-12,cuota_pactada,numerica,Jensen-Shannon,0.2235813810378216,,3319,174
2025-12,puntaje_datacredito,numerica,KS,0.052379071242190156,0.7334474744020251,3319,174
2025-12,puntaje_datacredito,numerica,PSI,0.04925204658725559,,3319,174
2025-12,puntaje_datacredito,numerica,Jensen-Shannon,0.11454728809443773,,3319,174
2025-12,cant_creditosvigentes,numerica,KS,0.041677489065048645,0.9240260223557182,3319,174
2025-12,cant_creditosvigentes,numerica,PSI,0.04195033739379019,,3319,174
2025-12,cant_creditosvigentes,numerica,Jensen-Shannon,0.09863119054981072,,3319,174
2025-12,huella_consulta,numerica,KS,0.059447001416435497,0.5810781765648317,3319,174
2025-12,huella_consulta,numerica,PSI,0.03932951059387377,,3319,174
2025-12,huella_consulta,numerica,Jensen-Shannon,0.08946918758938381,,3319,174
2025-12,saldo_mora,numerica,KS,0.011235955056179692,1.0,3319,174
2025-12,saldo_mora,numerica,PSI,0.0,,3319,174
2025-12,saldo_mora,numerica,Jensen-Shannon,0.0,,3319,174
2025-12,saldo_total,numerica,KS,0.04122513998327121,0.9338041858959995,3319,174
2025-12,saldo_total,numerica,PSI,0.018573752490572075,,3319,174
2025-12,saldo_total,numerica,Jensen-Shannon,0.09780932478032482,,3319,174
2025-12,saldo_principal,numerica,KS,0.04952979465265475,0.8139665758465755,3319,174
2025-12,saldo_principal,numerica,PSI,0.024052821574397382,,3319,174
2025-12,saldo_principal,numerica,Jensen-Shannon,0.1367512069276139,,3319,174
2025-12,saldo_mora_codeudor,numerica,KS,0.0009842519685039353,1.0,3319,174
2025-12,saldo_mora_codeudor,numerica,PSI,0.0,,3319,174
2025-12,saldo_mora_codeudor,numerica,Jensen-Shannon,0.0,,3319,174
2025-12,creditos_sectorFinanciero,numerica,KS,0.04917697824784506,0.7991787492175286,3319,174
2025-12,creditos_sectorFinanciero,numerica,PSI,0.02818236237270882,,3319,174
2025-12,creditos_sectorFinanciero,numerica,Jensen-Shannon,0.07934246726254457,,3319,174
2025-12,creditos_sectorCooperativo,numerica,KS,0.09803015033610041,0.07766123776906052,3319,174
2025-12,creditos_sectorCooperativo,numerica,PSI,0.03088130072323069,,3319,174
2025-12,creditos_sectorCooperativo,numerica,Jensen-Shannon,0.0770529006174418,,3319,174
2025-12,creditos_sectorReal,numerica,KS,0.017054368266303688,0.9999999989646131,3319,174
2025-12,creditos_sectorReal,numerica,PSI,0.005296028786461825,,3319,174
2025-12,creditos_sectorReal,numerica,Jensen-Shannon,0.05405657804446807,,3319,174
2025-12,promedio_ingresos_datacredito,numerica,KS,0.27112651444547997,2.3435750802317134e-09,3319,174
2025-12,promedio_ingresos_datacredito,numerica,PSI,1.3539987660173562,,3319,174
2025-12,promedio_ingresos_datacredito,numerica,Jensen-Shannon,0.3934390593688061,,3319,174
2025-12,ratio_cuota_salario,numerica,KS,0.0347763541741227,0.9844829126747628,3319,174
2025-12,ratio_cuota_salario,numerica,PSI,0.04082284864292181,,3319,174
2025-12,ratio_cuota_salario,numerica,Jensen-Shannon,0.14135372065429136,,3319,174
2025-12,ratio_endeudamiento,numerica,KS,0.301054638331154,1.0522846048605528e-13,3319,174
2025-12,ratio_endeudamiento,numerica,PSI,0.5566048684748157,,3319,174
2025-12,ratio_endeudamiento,numerica,Jensen-Shannon,0.3697686652410095,,3319,174
2025-12,ratio_capital_salario,numerica,KS,0.08572755380121966,0.1678960746576326,3319,174
2025-12,ratio_capital_salario,numerica,PSI,0.029821767333933945,,3319,174
2025-12,ratio_capital_salario,numerica,Jensen-Shannon,0.13373013303698333,,3319,174
2025-12,carga_total,numerica,KS,0.27397377457869454,2.1617204547551567e-11,3319,174
2025-12,carga_total,numerica,PSI,0.49698389351034933,,3319,174
2025-12,carga_total,numerica,Jensen-Shannon,0.33325624439475376,,3319,174
2025-12,total_creditos_sectores,numerica,KS,0.03731216645368196,0.9684943008405295,3319,174
2025-12,total_creditos_sectores,numerica,PSI,0.05273129172239474,,3319,174
2025-12,total_creditos_sectores,numerica,Jensen-Shannon,0.10101222987628333,,3319,174
2025-12,diferencia_ingresos,numerica,KS,0.23032968313140734,7.486831062344511e-07,3319,174
2025-12,diferencia_ingresos,numerica,PSI,0.42471698139718544,,3319,174
2025-12,diferencia_ingresos,numerica,Jensen-Shannon,0.3130699987727118,,3319,174
2025-12,ratio_ingresos_declarados,numerica,KS,0.18329080702777567,0.00017223410815774703,3319,174
2025-12,ratio_ingresos_declarados,numerica,PSI,0.42507273385759115,,3319,174
2025-12,ratio_ingresos_declarados,numerica,Jensen-Shannon,0.30772752351646476,,3319,174
2025-12,sin_historial_ingresos,numerica,KS,0.11986542131164013,0.01576559134342991,3319,174
2025-12,sin_historial_ingresos,numerica,PSI,0.0,,3319,174
2025-12,sin_historial_ingresos,numerica,Jensen-Shannon,0.0,,3319,174
2025-12,dia_semana_prestamo,numerica,KS,0.03239793179637962,0.9927801812273204,3319,174
2025-12,dia_semana_prestamo,numerica,PSI,0.03954863135224515,,3319,174
2025-12,dia_semana_prestamo,numerica,Jensen-Shannon,0.08430410253435307,,3319,174
2025-12,tipo_credito,categorica,Chi2,4.0602145484512535,0.39791802935814574,3319,174
2025-12,tipo_laboral,categorica,Chi2,6.9995871659948214,0.008152851590040254,3319,174
2025-12,tendencia_ingresos,categorica,Chi2,21.210138716579273,0.32530665549470145,3319,174
2025-12,probabilidad_predicha,prediccion,PSI,0.3475771231332159,,3319,174
2025-12,probabilidad_predicha,prediccion,Jensen-Shannon,0.2967258424570351,,3319,174
2025-12,tasa_aprobacion,agregado,diferencia_pct_puntos,0.6628502561012328,,3319,174
2026-01,capital_prestado,numerica,KS,0.22606182964700972,5.651626417223182e-06,3319,127
2026-01,capital_prestado,numerica,PSI,0.2708797909664228,,3319,127
2026-01,capital_prestado,numerica,Jensen-Shannon,0.2598220295730135,,3319,127
2026-01,plazo_meses,numerica,KS,0.2668340003748402,3.543149319634679e-08,3319,127
2026-01,plazo_meses,numerica,PSI,0.6081448785925436,,3319,127
2026-01,plazo_meses,numerica,Jensen-Shannon,0.33785953486060455,,3319,127
2026-01,edad_cliente,numerica,KS,0.07401432458785373,0.49034892741398634,3319,127
2026-01,edad_cliente,numerica,PSI,0.032436504149300334,,3319,127
2026-01,edad_cliente,numerica,Jensen-Shannon,0.1315628209486358,,3319,127
2026-01,salario_cliente,numerica,KS,0.1781344822105131,0.0007227242336096148,3319,127
2026-01,salario_cliente,numerica,PSI,0.4889443466116938,,3319,127
2026-01,salario_cliente,numerica,Jensen-Shannon,0.3448304437508469,,3319,127
2026-01,total_otros_prestamos,numerica,KS,0.17196385402110967,0.0012384944441162751,3319,127
2026-01,total_otros_prestamos,numerica,PSI,0.2753460717047188,,3319,127
2026-01,total_otros_prestamos,numerica,Jensen-Shannon,0.3471052856739653,,3319,127
2026-01,cuota_pactada,numerica,KS,0.1469397147893422,0.009045163098187156,3319,127
2026-01,cuota_pactada,numerica,PSI,0.25090920650834186,,3319,127
2026-01,cuota_pactada,numerica,Jensen-Shannon,0.2878289871695447,,3319,127
2026-01,puntaje_datacredito,numerica,KS,0.07146197469965032,0.5353122821964592,3319,127
2026-01,puntaje_datacredito,numerica,PSI,0.09400291789711564,,3319,127
2026-01,puntaje_datacredito,numerica,Jensen-Shannon,0.20225796053705988,,3319,127
2026-01,cant_creditosvigentes,numerica,KS,0.03486962442439501,0.9971972680834428,3319,127
2026-01,cant_creditosvigentes,numerica,PSI,0.019785675904224705,,3319,127
2026-01,cant_creditosvigentes,numerica,Jensen-Shannon,0.12216991763977979,,3319,127
2026-01,huella_consulta,numerica,KS,0.05587965258485503,0.8180292962069027,3319,127
2026-01,huella_consulta,numerica,PSI,0.05298758923972446,,3319,127
2026-01,huella_consulta,numerica,Jensen-Shannon,0.0994920037463513,,3319,127
2026-01,saldo_mora,numerica,KS,0.011235955056179692,1.0,3319,127
2026-01,saldo_mora,numerica,PSI,0.0,,3319,127
2026-01,saldo_mora,numerica,Jensen-Shannon,0.0,,3319,127
2026-01,saldo_total,numerica,KS,0.0632288485955654,0.6875270447549445,3319,127
2026-01,saldo_total,numerica,PSI,0.07331868533814803,,3319,127
2026-01,saldo_total,numerica,Jensen-Shannon,0.1416559637587819,,3319,127
2026-01,saldo_principal,numerica,KS,0.05265923590449546,0.8712409028473629,3319,127
2026-01,saldo_principal,numerica,PSI,0.05287779009493409,,3319,127
2026-01,saldo_principal,numerica,Jensen-Shannon,0.16312519684966198,,3319,127
2026-01,saldo_mora_codeudor,numerica,KS,0.0009842519685039353,1.0,3319,127
2026-01,saldo_mora_codeudor,numerica,PSI,0.0,,3319,127
2026-01,saldo_mora_codeudor,numerica,Jensen-Shannon,0.0,,3319,127
2026-01,creditos_sectorFinanciero,numerica,KS,0.012485973149108098,1.0,3319,127
2026-01,creditos_sectorFinanciero,numerica,PSI,0.005753698844138413,,3319,127
2026-01,creditos_sectorFinanciero,numerica,Jensen-Shannon,0.040793918294822845,,3319,127
2026-01,creditos_sectorCooperativo,numerica,KS,0.059881901625809975,0.748842492881182,3319,127
2026-01,creditos_sectorCooperativo,numerica,PSI,0.006131175056828354,,3319,127
2026-01,creditos_sectorCooperativo,numerica,Jensen-Shannon,0.03445032884353902,,3319,127
2026-01,creditos_sectorReal,numerica,KS,0.09901948457105714,0.16943189759582067,3319,127
2026-01,creditos_sectorReal,numerica,PSI,0.01819282398014642,,3319,127
2026-01,creditos_sectorReal,numerica,Jensen-Shannon,0.10340020670474664,,3319,127
2026-01,promedio_ingresos_datacredito,numerica,KS,0.2628065214090495,1.0234545007605839e-05,3319,127
2026-01,promedio_ingresos_datacredito,numerica,PSI,1.0865093116963398,,3319,127
2026-01,promedio_ingresos_datacredito,numerica,Jensen-Shannon,0.3885149837457521,,3319,127
2026-01,ratio_cuota_salario,numerica,KS,0.12420900030202353,0.04439040427224261,3319,127
2026-01,ratio_cuota_salario,numerica,PSI,0.19257582512877386,,3319,127
2026-01,ratio_cuota_salario,numerica,Jensen-Shannon,0.1984164003245349,,3319,127
2026-01,ratio_endeudamiento,numerica,KS,0.26628571428571435,4.9846795336260335e-08,3319,127
2026-01,ratio_endeudamiento,numerica,PSI,0.5326070691036366,,3319,127
2026-01,ratio_endeudamiento,numerica,Jensen-Shannon,0.3232794607961287,,3319,127
2026-01,ratio_capital_salario,numerica,KS,0.09109513742071884,0.2539205842341458,3319,127
2026-01,ratio_capital_salario,numerica,PSI,0.07133630360520567,,3319,127
2026-01,ratio_capital_salario,numerica,Jensen-Shannon,0.19403924902139216,,3319,127
2026-01,carga_total,numerica,KS,0.2484518272425249,4.905174793739931e-07,3319,127
2026-01,carga_total,numerica,PSI,0.3560735543017005,,3319,127
2026-01,carga_total,numerica,Jensen-Shannon,0.3137142641107701,,3319,127
2026-01,total_creditos_sectores,numerica,KS,0.05705162118368823,0.7984729074632967,3319,127
2026-01,total_creditos_sectores,numerica,PSI,0.03591718765438269,,3319,127
2026-01,total_creditos_sectores,numerica,Jensen-Shannon,0.11924524029107024,,3319,127
2026-01,diferencia_ingresos,numerica,KS,0.14642328423929551,0.045331086214836815,3319,127
2026-01,diferencia_ingresos,numerica,PSI,0.24784133425417973,,3319,127
2026-01,diferencia_ingresos,numerica,Jensen-Shannon,0.2845070661869728,,3319,127
2026-01,ratio_ingresos_declarados,numerica,KS,0.13172435090386492,0.0927171172051576,3319,127
2026-01,ratio_ingresos_declarados,numerica,PSI,0.11834006765626265,,3319,127
2026-01,ratio_ingresos_declarados,numerica,Jensen-Shannon,0.2192502589488846,,3319,127
2026-01,sin_historial_ingresos,numerica,KS,0.012680510446890114,1.0,3319,127
2026-01,sin_historial_ingresos,numerica,PSI,0.0,,3319,127
2026-01,sin_historial_ingresos,numerica,Jensen-Shannon,0.0,,3319,127
2026-01,dia_semana_prestamo,numerica,KS,0.11104758334855624,0.09045094872305812,3319,127
2026-01,dia_semana_prestamo,numerica,PSI,0.06992868689789981,,3319,127
2026-01,dia_semana_prestamo,numerica,Jensen-Shannon,0.11196849173774207,,3319,127
2026-01,tipo_credito,categorica,Chi2,5.83093319029576,0.21213506854262507,3319,127
2026-01,tipo_laboral,categorica,Chi2,0.7041201851800761,0.40140270591551863,3319,127
2026-01,tendencia_ingresos,categorica,Chi2,1.565744317995604,0.9999998491361389,3319,127
2026-01,probabilidad_predicha,prediccion,PSI,0.18389922766316366,,3319,127
2026-01,probabilidad_predicha,prediccion,Jensen-Shannon,0.2096560463775168,,3319,127
2026-01,tasa_aprobacion,agregado,diferencia_pct_puntos,0.6628502561012328,,3319,127
